BIMO;Bimo;Bimo;Bimo;Bimo;Bimo;;;;;;;;;x
CHEREM;Cherem;Cherem;Cherem;;Cherem;;;;;;;;;x
DIEM_VUONG;Diem Vuong;Diem Vuong;Diem Vuong;Diem Vuong;Diem Vuong;;;;;;;;;x
DUANGONG;Duangong;Duangong;Duangong;Duangong;Duangong;;;;;;;;;x
ENMA;Enma;Enma;Enma;;;;;;;;;x;;
GOD_AAKASH;Aakash;Aakash;Aakash;Aakash;Aakash;;;;;;;;;x
GOD_AATXE;Aatxe;Aatxe;Aatxe;Aatxe;Aatxe;;;;;;;;;x
GOD_ABARTA;Abarta;Abarta;Abarta;Abarta;Abarta;;;;;;;;;x
GOD_ABBA_CHI;Abba Chi;Abba Chi;Abba Chi;Abba Chi;Abba Chi;;;;;;;;;x
GOD_ABBA_SEI;Abba Sei;Abba Sei;Abba Sei;Abba Sei;Abba Sei;;;;;;;;;x
GOD_ABCAN;Abcan;Abcan;Abcan;Abcan;Abcan;;;;;;;;;x
GOD_ABEAN;Abean;Abean;Abean;Abean;Abean;;;;;;;;;x
GOD_ABKA_ENDURI;Abka Enduri;Abka Enduri;Abka Enduri;;Abka Enduri;;;;;;;;;x
GOD_ABKA_HEHE;Abka Hehe;Abka Hehe;Abka Hehe;;Abka Hehe;;;;;;;;;x
GOD_ACHAMAN;Achamán;Achamán;Achamán;;Achamán;;;;;;;;;x
GOD_ACHILLES;Achilles;Achilles;Achilles;Achilles;Achilles;;;;;;;;;x
GOD_ACHUGUAYO;Achuguayo;Achuguayo;Achuguayo;;Achuguayo;;;;;;;;;x
GOD_ACHUHUCANAC;Achuhucanac;Achuhucanac;Achuhucanac;;Achuhucanac;;;;;;;;;x
GOD_ADGILIS_DEDA;Adgilis Deda;Adgilis Deda;Adgilis Deda;Adgilis Deda;Adgilis Deda;;;;;;;;;x
GOD_ADITI;Aditi;Aditi;Aditi;Aditi;Aditi;;;;;;;;;x
GOD_ADI_PARASHAKTI;Adi Parashakti;Adi Parashakti;Adi Parashakti;Adi Parashakti;Adi Parashakti;;;;;;;;;x
GOD_ADONIS;Adonis;Adonis;Adonis;Adonis;Adonis;;;;;;;;;x
GOD_AED;Aed;Aed;Aed;Aed;Aed;;;;;;;;;x
GOD_AEFSATI;Aefsati;Aefsati;Aefsati;Aefsati;Aefsati;;;;;;;;;x
GOD_AEGAEON;Aegaeon;Aegaeon;Aegaeon;Aegaeon;Aegaeon;;;;;;;;;x
GOD_AERON;Aeron;Aeron;Aeron;Aeron;Aeron;;;;;;;;;x
GOD_AETHER;Aether;Aether;Aether;Aether;Aether;;;;;;;;;x
GOD_AFALLACH;Afallach;Afallach;Afallach;Afallach;Afallach;;;;;;;;;x
GOD_AFY;Afy;Afy;Afy;Afy;Afy;;;;;;;;;x
GOD_AGOI;Agoi;Agoi;Agoi;Agoi;Agoi;;;;;;;;;x
GOD_AHTI;Ahti;Ahti;Ahti;Ahti;Ahti;;;;;;;;;x
GOD_AI;Ai;Ai;Ai;Ai;Ai;;;;;;;;;x
GOD_AIARG;Aiarg;Aiarg;Aiarg;Aiarg;Aiarg;;;;;;;;;x
GOD_AIATAR;Aiatar;Aiatar;Aiatar;Aiatar;Aiatar;;;;;;;;;x
GOD_AIBELL;Aibell;Aibell;Aibell;Aibell;Aibell;;;;;;;;;x
GOD_AIFE;Aife;Aife;Aife;Aife;Aife;;;;;;;;;x
GOD_AIGIL;Aigil;Aigil;Aigil;Aigil;Aigil;;;;;;;;;x
GOD_AIKE;Aike;Aike;Aike;Aike;Aike;;;;;;;;;x
GOD_AILILL;Ailill;Ailill;Ailill;Ailill;Ailill;;;;;;;;;x
GOD_AIMEND;Aimend;Aimend;Aimend;Aimend;Aimend;;;;;;;;;x
GOD_AINDRI;Aindri;Aindri;Aindri;Aindri;Aindri;;;;;;;;;x
GOD_AINE;Aine;Aine;Aine;Aine;Aine;;;;;;;;;x
GOD_AIRA;Aira;Aira;Aira;Aira;Aira;;;;;;;;;x
GOD_AIRMED;Airmed;Airmed;Airmed;Airmed;Airmed;;;;;;;;;x
GOD_AITVARAS;Aitvaras;Aitvaras;Aitvaras;Aitvaras;Aitvaras;;;;;;;;;x
GOD_AJATAR;Ajatar;Ajatar;Ajatar;Ajatar;Ajatar;;;;;;;;;x
GOD_AKKA;Akka;Akka;Akka;Akka;Akka;;;;;;;;;x
GOD_AKRAS;Akras;Akras;Akras;Akras;Akras;;;;;;;;;x
GOD_AK_ANA;Ak Ana;Ak Ana;Ak Ana;Ak Ana;Ak Ana;;;;;;;;;x
GOD_AL;Al;Al;Al;Al;Al;;;;;;;;;x
GOD_ALARDY;Alardy;Alardy;Alardy;Alardy;Alardy;;;;;;;;;x
GOD_ALASTIR;Alastir;Alastir;Alastir;Alastir;Alastir;;;;;;;;;x
GOD_AMAETHON;Amaethon;Amaethon;Amaethon;Amaethon;Amaethon;;;;;;;;;x
GOD_AMAMIKIYO;Amamikiyo;Amamikiyo;Amamikiyo;;Amamikiyo;;;;;;;;;x
GOD_AMANIT;Amanit;Amanit;Amanit;Amanit;Amanit;;;;;;;;;x
GOD_AMANOR;Amanor;Amanor;Amanor;Amanor;Amanor;;;;;;;;;x
GOD_AMATERASU;Amaterasu;Amaterasu;Amaterasu;;Amaterasu;;;;;;;;;x
GOD_AMATSU-MIABOSHI;Amatsu-Mikaboshi;Amatsu-Mikaboshi;Amatsu-Mikaboshi;;Amatsu-Mikaboshi;;;;;;;;;x
GOD_AMA_LUR;Ama Lur;Ama Lur;Ama Lur;Ama Lur;Ama Lur;;;;;;;;;x
GOD_AME-NO-KOYANE;Ame-no-Koyane;Ame-no-Koyane;Ame-no-Koyane;;Ame-no-Koyane;;;;;;;;;x
GOD_AME-NO-UZUME;Ame-no-Uzume;Ame-no-Uzume;Ame-no-Uzume;;Ame-no-Uzume;;;;;;;;;x
GOD_AMENOMINAKANUSHI;Amenominakanushi;Amenominakanushi;;Amenominakanushi;;;;;;;;;x;
GOD_AMGALI-YERDI;Amgali-yerdi;Amgali-yerdi;Amgali-yerdi;Amgali-yerdi;Amgali-yerdi;;;;;;;;;x
GOD_AMINON;Aminon;Aminon;Aminon;Aminon;Aminon;;;;;;;;;x
GOD_AMIRANI;Amirani;Amirani;Amirani;Amirani;Amirani;;;;;;;;;x
GOD_AMMAVARU;Ammavaru;Ammavaru;Ammavaru;Ammavaru;Ammavaru;;;;;;;;;x
GOD_AMPHITRITE;Amphitrite;Amphitrite;Amphitrite;Amphitrite;Amphitrite;;;;;;;;;x
GOD_ANAHIT;Anahit;Anahit;Anahit;Anahit;Anahit;;;;;;;;;x
GOD_ANALA;Anala;Anala;Anala;Anala;Anala;;;;;;;;;x
GOD_ANANA_GUNDA;Anana Gunda;Anana Gunda;Anana Gunda;Anana Gunda;Anana Gunda;;;;;;;;;x
GOD_ANAND;Anand;Anand;Anand;Anand;Anand;;;;;;;;;x
GOD_ANANKE;Ananke;Ananke;Ananke;Ananke;Ananke;;;;;;;;;x
GOD_ANGELIA;Angelia;Angelia;Angelia;Angelia;Angelia;;;;;;;;;x
GOD_ANGELOS;Angelos;Angelos;Angelos;Angelos;Angelos;;;;;;;;;x
GOD_ANGE_PATIAI;Ange Patiai;Ange Patiai;Ange Patiai;Ange Patiai;Ange Patiai;;;;;;;;;x
GOD_ANILAIS;Anilais;Anilais;Anilais;Anilais;Anilais;;;;;;;;;x
GOD_ANIRNIALUK;Anirnialuk;Anirnialuk;Anirnialuk;Anirnialuk;Anirnialuk;;;;;;;;;x
GOD_ANSA;Ansa;Ansa;Ansa;Ansa;Ansa;;;;;;;;;x
GOD_ANTERO_VIPUNEN;Antero Vipunen;Antero Vipunen;Antero Vipunen;Antero Vipunen;Antero Vipunen;;;;;;;;;x
GOD_ANTSVA;Antsva;Antsva;Antsva;Antsva;Antsva;;;;;;;;;x
GOD_ANUMATI;Anumati;Anumati;Anumati;Anumati;Anumati;;;;;;;;;x
GOD_AOIBH;Aoibh;Aoibh;Aoibh;Aoibh;Aoibh;;;;;;;;;x
GOD_AOI_MAC_OLLAMAIN;Aoi Mac Ollamain;Aoi Mac Ollamain;Aoi Mac Ollamain;Aoi Mac Ollamain;Aoi Mac Ollamain;;;;;;;;;x
GOD_AP;Ap;Ap;Ap;Ap;Ap;;;;;;;;;x
GOD_APAM_NAPATIS;Apam Napatis;Apam Napatis;Apam Napatis;Apam Napatis;Apam Napatis;;;;;;;;;x
GOD_APHRODITE;Aphrodite;Aphrodite;Aphrodite;Aphrodite;Aphrodite;;;;;;;;;x
GOD_ARA;Ara;Ara;Ara;Ara;Ara;;;;;;;;;x
GOD_ARAMAZD;Aramazd;Aramazd;Aramazd;Aramazd;Aramazd;;;;;;;;;x
GOD_ARANYANI;Aranyani;Aranyani;Aranyani;Aranyani;Aranyani;;;;;;;;;x
GOD_ARANY_ATYACSKA;Arany Atyacska;Arany Atyacska;Arany Atyacska;Arany Atyacska;Arany Atyacska;;;;;;;;;x
GOD_ARAWN;Arawn;Arawn;Arawn;Arawn;Arawn;;;;;;;;;x
GOD_ARAY;Aray;Aray;Aray;Aray;Aray;;;;;;;;;x
GOD_ARIADNE;Ariadne;Ariadne;Ariadne;Ariadne;Ariadne;;;;;;;;;x
GOD_ARIANRHOD;Arianrhod;Arianrhod;Arianrhod;Arianrhod;Arianrhod;;;;;;;;;x
GOD_ARMAZI;Armazi;Armazi;Armazi;Armazi;Armazi;;;;;;;;;x
GOD_ARTEMIS;Artemis;Artemis;Artemis;Artemis;Artemis;;;;;;;;;x
GOD_ARYAMAN;Aryaman;Aryaman;Aryaman;Aryaman;Aryaman;;;;;;;;;x
GOD_ASCLEPIUS;Asclepius;Asclepius;Asclepius;Asclepius;Asclepius;;;;;;;;;x
GOD_ASENA;Asena;Asena;Asena;Asena;Asena;;;;;;;;;x
GOD_ASHAPURA;Ashapura;Ashapura;Ashapura;Ashapura;Ashapura;;;;;;;;;x
GOD_ASHTAMURTI;Ashtamurti;Ashtamurti;Ashtamurti;Ashtamurti;Ashtamurti;;;;;;;;;x
GOD_ASHTA_LAKSHMI;Ashta Lakshmi;Ashta Lakshmi;Ashta Lakshmi;Ashta Lakshmi;Ashta Lakshmi;;;;;;;;;x
GOD_ASTERIA;Asteria;Asteria;Asteria;Asteria;Asteria;;;;;;;;;x
GOD_ASTGHIK;Astghik;Astghik;Astghik;Astghik;Astghik;;;;;;;;;x
GOD_ASTRAEUS;Astraeus;Astraeus;Astraeus;Astraeus;Astraeus;;;;;;;;;x
GOD_ASVAYUJAU;Asvayujau;Asvayujau;Asvayujau;Asvayujau;Asvayujau;;;;;;;;;x
GOD_ATAMSHKAI;Atamshkai;Atamshkai;Atamshkai;Atamshkai;Atamshkai;;;;;;;;;x
GOD_ATARRABI;Atarrabi;Atarrabi;Atarrabi;Atarrabi;Atarrabi;;;;;;;;;x
GOD_ATHENA;Athena;Athena;Athena;Athena;Athena;;;;;;;;;x
GOD_ATJA;Atja;Atja;Atja;Atja;Atja;;;;;;;;;x
GOD_ATLAS;Atlas;Atlas;Atlas;Atlas;Atlas;;;;;;;;;x
GOD_ATXULAR;Atxular;Atxular;Atxular;Atxular;Atxular;;;;;;;;;x
GOD_AUDEJA;Audeja;Audeja;Audeja;Audeja;Audeja;;;;;;;;;x
GOD_AURA;Aura;Aura;Aura;Aura;Aura;;;;;;;;;x
GOD_AUSRINE;Ausrine;Ausrine;Ausrine;Ausrine;Ausrine;;;;;;;;;x
GOD_AUSTARAS;Austaras;Austaras;Austaras;Austaras;Austaras;;;;;;;;;x
GOD_AU_CO;Au Co;Au Co;Au Co;Au Co;Au Co;;;;;;;;;x
GOD_AYYAPPAN;Ayyappan;Ayyappan;Ayyappan;Ayyappan;Ayyappan;;;;;;;;;x
GOD_AZHAKHARA;Azhakhara;Azhakhara;Azhakhara;Azhakhara;Azhakhara;;;;;;;;;x
GOD_AZHIRA;Azhira;Azhira;Azhira;Azhira;Azhira;;;;;;;;;x
GOD_AZHVEIPSHAA;Azhveipshaa;Azhveipshaa;Azhveipshaa;Azhveipshaa;Azhveipshaa;;;;;;;;;x
GOD_BAADURI;Baaduri;Baaduri;Baaduri;Baaduri;Baaduri;;;;;;;;;x
GOD_BADB;Badb;Badb;Badb;Badb;Badb;;;;;;;;;x
GOD_BAGALA;Bagala;Bagala;Bagala;Bagala;Bagala;;;;;;;;;x
GOD_BAINI;Baini;Baini;Baini;Baini;Baini;;;;;;;;;x
GOD_BALARAMA;Balarama;Balarama;Balarama;Balarama;Balarama;;;;;;;;;x
GOD_BALOR;Balor;Balor;Balor;Balor;Balor;;;;;;;;;x
GOD_BANAMU_HEHE;Banamu Hehe;Banamu Hehe;Banamu Hehe;;Banamu Hehe;;;;;;;;;x
GOD_BANBA;Banba;Banba;Banba;Banba;Banba;;;;;;;;;x
GOD_BANGPUTYS;Bangputys;Bangputys;Bangputys;Bangputys;Bangputys;;;;;;;;;x
GOD_BANKA-MUNDI;Bankamundi;Bankamundi;Bankamundi;Bankamundi;Bankamundi;;;;;;;;;x
GOD_BARASTYR;Barastyr;Barastyr;Barastyr;Barastyr;Barastyr;;;;;;;;;x
GOD_BARSAMIN;Barsamin;Barsamin;Barsamin;Barsamin;Barsamin;;;;;;;;;x
GOD_BASAJAUN;Basajaun;Basajaun;Basajaun;Basajaun;Basajaun;;;;;;;;;x
GOD_BASANDERE;Basandere;Basandere;Basandere;Basandere;Basandere;;;;;;;;;x
GOD_BAYE;Baye;Baye;Baye;Baye;Baye;;;;;;;;;x
GOD_BA_CHUA_KHO;Ba Chua Kho;Ba Chua Kho;Ba Chua Kho;Ba Chua Kho;Ba Chua Kho;;;;;;;;;x
GOD_BA_CHUA_XU;Ba Chua Xu;Ba Chua Xu;Ba Chua Xu;Ba Chua Xu;Ba Chua Xu;;;;;;;;;x
GOD_BEAIVI;Beaivi;Beaivi;Beaivi;Beaivi;Beaivi;;;;;;;;;x
GOD_BEBINN;Bebinn;Bebinn;Bebinn;Bebinn;Bebinn;;;;;;;;;x
GOD_BEC;Bec;Bec;Bec;Bec;Bec;;;;;;;;;x
GOD_BEL;Bel;Bel;Bel;;Bel;;;;;;;;;x
GOD_BELBAETH;Belbaeth;Belbaeth;Belbaeth;Belbaeth;Belbaeth;;;;;;;;;x
GOD_BELI_MAWR;Beli Mawr;Beli Mawr;Beli Mawr;Beli Mawr;Beli Mawr;;;;;;;;;x
GOD_BELOBOG;Belobog;Belobog;Belobog;Belobog;Belobog;;;;;;;;;x
GOD_BENDIGEIDFRAN;Bendigeidfran;Bendigeidfran;Bendigeidfran;Bendigeidfran;Bendigeidfran;;;;;;;;;x
GOD_BHADRA;Bhadra;Bhadra;Bhadra;Bhadra;Bhadra;;;;;;;;;x
GOD_BHAGA;Bhaga;Bhaga;Bhaga;Bhaga;Bhaga;;;;;;;;;x
GOD_BHAGAVAN;Bhagavan;Bhagavan;Bhagavan;;Bhagavan;;;;;;;;;x
GOD_BHAIRAVA;Bhairava;Bhairava;Bhairava;Bhairava;Bhairava;;;;;;;;;x
GOD_BHAIRAVI;Bhairavi;Bhairavi;Bhairavi;Bhairavi;Bhairavi;;;;;;;;;x
GOD_BHAVANI;Bhavani;Bhavani;Bhavani;Bhavani;Bhavani;;;;;;;;;x
GOD_BHISHMA;Bhishma;Bhishma;Bhishma;Bhishma;Bhishma;;;;;;;;;x
GOD_BHUMIDEVI;Bhumidevi;Bhumidevi;Bhumidevi;Bhumidevi;Bhumidevi;;;;;;;;;x
GOD_BHUTAMATA;Bhutamata;Bhutamata;Bhutamata;Bhutamata;Bhutamata;;;;;;;;;x
GOD_BHUVANESHVARI;Bhuvaneshvari;Bhuvaneshvari;Bhuvaneshvari;Bhuvaneshvari;Bhuvaneshvari;;;;;;;;;x
GOD_BIEGGAGALLIS;Bieggagallis;Bieggagallis;Bieggagallis;Bieggagallis;Bieggagallis;;;;;;;;;x
GOD_BIEGGOLMAI;Bieggolmai;Bieggolmai;Bieggolmai;Bieggolmai;Bieggolmai;;;;;;;;;x
GOD_BIEGKEGAELLIES;Biegkegaellies;Biegkegaellies;Biegkegaellies;Biegkegaellies;Biegkegaellies;;;;;;;;;x
GOD_BIEJJENNIEJTE;Biejjenniejte;Biejjenniejte;Biejjenniejte;Biejjenniejte;Biejjenniejte;;;;;;;;;x
GOD_BLODEUWEDD;Blodeuwedd;Blodeuwedd;Blodeuwedd;Blodeuwedd;Blodeuwedd;;;;;;;;;x
GOD_BOANN;Boann;Boann;Boann;Boann;Boann;;;;;;;;;x
GOD_BODB_DEARG;Bodb Dearg;Bodb Dearg;Bodb Dearg;Bodb Dearg;Bodb Dearg;;;;;;;;;x
GOD_BODHISATTVA;Bodhisattva;Bodhisattva;Bodhisattva;;Bodhisattva;;;;;;;;;x
GOD_BOLAM-DEELA;Bolam-deela;Bolam-deela;Bolam-deela;Bolam-deela;Bolam-deela;;;;;;;;;x
GOD_BOLDOGASSZONY;Boldogasszony;Boldogasszony;Boldogasszony;Boldogasszony;Boldogasszony;;;;;;;;;x
GOD_BONA_DEA;Bona Dea;Bona Dea;Bona Dea;Bona Dea;Bona Dea;;;;;;;;;x
GOD_BONDYE;Bondye;Bondye;Bondye;Bondye;Bondye;;;;;;;;;x
GOD_BOSZORKANY;Boszorkany;Boszorkany;Boszorkany;Boszorkany;Boszorkany;;;;;;;;;x
GOD_BRAHMANI;Brahmani;Brahmani;Brahmani;Brahmani;Brahmani;;;;;;;;;x
GOD_BRANWEN;Branwen;Branwen;Branwen;Branwen;Branwen;;;;;;;;;x
GOD_BREA;Brea;Brea;Brea;Brea;Brea;;;;;;;;;x
GOD_BRES;Bres;Bres;Bres;Bres;Bres;;;;;;;;;x
GOD_BRHASPATI;Brhaspati;Brhaspati;Brhaspati;Brhaspati;Brhaspati;;;;;;;;;x
GOD_BRIAN;Brian;Brian;Brian;Brian;Brian;;;;;;;;;x
GOD_BRIG;Brig;Brig;Brig;;Brig;;;;;;;;;x
GOD_BRIGIT;Brigit;Brigit;Brigit;Brigit;Brigit;;;;;;;;;x
GOD_BUARAINECH;Buarainech;Buarainech;Buarainech;Buarainech;Buarainech;;;;;;;;;x
GOD_BUDDHA;Buddha;Bouddha;Buddha;;Buda;;;;;;;;;x
GOD_BUDHA;Budha;Budha;Budha;Budha;Budha;;;;;;;;;x
GOD_BUDHI_PALLIEN;Budhi Pallien;Budhi Pallien;Budhi Pallien;Budhi Pallien;Budhi Pallien;;;;;;;;;x
GOD_BULUOTUO;Buluotuo;Buluotuo;Buluotuo;Buluotuo;Buluotuo;;;;;;;;;x
GOD_CAER;Caer;Caer;Caer;Caer;Caer;;;;;;;;;x
GOD_CAGN;Cagn;Cagn;Cagn;Cagn;Cagn;;;;;;;;;x
GOD_CAILLECH;Caillech;Caillech;Caillech;Caillech;Caillech;;;;;;;;;x
GOD_CAISHEN;Caishen;Caishen;Caishen;Caishen;Caishen;;;;;;;;;x
GOD_CANOLA;Canola;Canola;Canola;Canola;Canola;;;;;;;;;x
GOD_CAO_DAI;Cao Dai;Cao Dai;Cao Dai;Cao Dai;Cao Dai;;;;;;;;;x
GOD_CERES;Ceres;Ceres;Ceres;Ceres;Ceres;;;;;;;;;x
GOD_CERIDWEN;Ceridwen;Ceridwen;Ceridwen;Ceridwen;Ceridwen;;;;;;;;;x
GOD_CESSAIR;Cessair;Cessair;Cessair;Cessair;Cessair;;;;;;;;;x
GOD_CET;Cet;Cet;Cet;Cet;Cet;;;;;;;;;x
GOD_CETHLENN;Cethlenn;Cethlenn;Cethlenn;Cethlenn;Cethlenn;;;;;;;;;x
GOD_CHAMUNDA;Chamunda;Chamunda;Chamunda;Chamunda;Chamunda;;;;;;;;;x
GOD_CHANDRA;Chandra;Chandra;Chandra;Chandra;Chandra;;;;;;;;;x
GOD_CHANG'E;Chang'e;Chang'e;Chang'e;Chang'e;Chang'e;;;;;;;;;x
GOD_CHAOS;Chaos;Chaos;Chaos;Chaos;Chaos;;;;;;;;;x
GOD_CHAXIRAXI;Chaxiraxi;Chaxiraxi;Chaxiraxi;;Chaxiraxi;;;;;;;;;x
GOD_CHEN-LHA;Chen-lha;Chen-lha;Chen-lha;;Chen-lha;;;;;;;;;x
GOD_CHEONHA_DAEJANGGUN;Cheonha Daejanggun;Cheonha Daejanggun;Cheonha Daejanggun;;Cheonha Daejanggun;;;;;;;;;x
GOD_CHERNOBOG;Chernobog;Chernobog;Chernobog;Chernobog;Chernobog;;;;;;;;;x
GOD_CHHINNAMASTA;Chhinnamasta;Chhinnamasta;Chhinnamasta;Chhinnamasta;Chhinnamasta;;;;;;;;;x
GOD_CHIJORAJI;Chijoraji;Chijoraji;Chijoraji;;Chijoraji;;;;;;;;;x
GOD_CHIKAP;Chikap;Chikap;Chikap;;Chikap;;;;;;;;;x
GOD_CHIONE;Chione;Chione;Chione;Chione;Chione;;;;;;;;;x
GOD_CHIPAZ;Chipaz;Chipaz;Chipaz;Chipaz;Chipaz;;;;;;;;;x
GOD_CHITRAGUPTA;Chitragupta;Chitragupta;Chitragupta;Chitragupta;Chitragupta;;;;;;;;;x
GOD_CHRONOS;Chronos;Chronos;Chronos;Chronos;Chronos;;;;;;;;;x
GOD_CIAN;Cian;Cian;Cian;Cian;Cian;;;;;;;;;x
GOD_CICHOL_GRICENCHOS;Cichol Gricenchos;Cichol Gricenchos;Cichol Gricenchos;Cichol Gricenchos;Cichol Gricenchos;;;;;;;;;x
GOD_CIGFA;Cigfa;Cigfa;Cigfa;Cigfa;Cigfa;;;;;;;;;x
GOD_CIOCAL;Ciocal;Ciocal;Ciocal;Ciocal;Ciocal;;;;;;;;;x
GOD_CLIDNA;Clidna;Clidna;Clidna;Clidna;Clidna;;;;;;;;;x
GOD_CLIODHNA;Cliodhna;Cliodhna;Cliodhna;Cliodhna;Cliodhna;;;;;;;;;x
GOD_CLYMENE;Clymene;Clymene;Clymene;Clymene;Clymene;;;;;;;;;x
GOD_COEUS;Coeus;Coeus;Coeus;Coeus;Coeus;;;;;;;;;x
GOD_CONAND;Conand;Conand;Conand;Conand;Conand;;;;;;;;;x
GOD_CONN;Conn;Conn;Conn;Conn;Conn;;;;;;;;;x
GOD_CONNLA;Connla;Connla;Connla;Connla;Connla;;;;;;;;;x
GOD_CORB;Corb;Corb;Corb;Corb;Corb;;;;;;;;;x
GOD_CREDNE;Credne;Credne;Credne;Credne;Credne;;;;;;;;;x
GOD_CREIDDYLAD;Creiddylad;Creiddylad;Creiddylad;Creiddylad;Creiddylad;;;;;;;;;x
GOD_CREIRWY;Creirwy;Creirwy;Creirwy;Creirwy;Creirwy;;;;;;;;;x
GOD_CRIUS;Crius;Crius;Crius;Crius;Crius;;;;;;;;;x
GOD_CROB_DERG;Crob Derg;Crob Derg;Crob Derg;Crob Derg;Crob Derg;;;;;;;;;x
GOD_CROM_CRUACH;Crom Cruach;Crom Cruach;Crom Cruach;Crom Cruach;Crom Cruach;;;;;;;;;x
GOD_CROM_DUBH;Crom Dubh;Crom Dubh;Crom Dubh;Crom Dubh;Crom Dubh;;;;;;;;;x
GOD_CSODASZARVAS;Csodaszarvas;Csodaszarvas;Csodaszarvas;Csodaszarvas;Csodaszarvas;;;;;;;;;x
GOD_CUAR;Cuar;Cuar;Cuar;Cuar;Cuar;;;;;;;;;x
GOD_CULHWCH;Culhwch;Culhwch;Culhwch;Culhwch;Culhwch;;;;;;;;;x
GOD_CUMHALL;Cumhall;Cumhall;Cumhall;Cumhall;Cumhall;;;;;;;;;x
GOD_CUPID;Cupid;Cupid;Cupid;Cupid;Cupid;;;;;;;;;x
GOD_CU_CHULAINN;Cu Chulainn;Cu Chulainn;Cu Chulainn;Cu Chulainn;Cu Chulainn;;;;;;;;;x
GOD_CYHYRAETH;Cyhyraeth;Cyhyraeth;Cyhyraeth;Cyhyraeth;Cyhyraeth;;;;;;;;;x
GOD_DAB_POG;Dab Pog;Dab Pog;Dab Pog;Dab Pog;Dab Pog;;;;;;;;;x
GOD_DAB_XWM_KAB;Dab Xwm Kab;Dab Xwm Kab;Dab Xwm Kab;Dab Xwm Kab;Dab Xwm Kab;;;;;;;;;x
GOD_DAICHIN;Daichin;Daichin;Daichin;Daichin;Daichin;;;;;;;;;x
GOD_DAIRE;Daire;Daire;Daire;Daire;Daire;;;;;;;;;x
GOD_DAKSHA;Daksha;Daksha;Daksha;Daksha;Daksha;;;;;;;;;x
GOD_DALI;Dali;Dali;Dali;Dali;Dali;;;;;;;;;x
GOD_DALIA;Dalia;Dalia;Dalia;Dalia;Dalia;;;;;;;;;x
GOD_DALSOON-NIM;Dalsoon-nim;Dalsoon-nim;Dalsoon-nim;;Dalsoon-nim;;;;;;;;;x
GOD_DAMCHEN;Damchen;Damchen;Damchen;;Damchen;;;;;;;;;x
GOD_DANAND;Danand;Danand;Danand;Danand;Danand;;;;;;;;;x
GOD_DANGUN;Dangun;Dangun;Dangun;;Dangun;;;;;;;;;x
GOD_DANU;Danu;Danu;Danu;;Danu;;;;;;;;;x
GOD_DARTSA-NAANA;Dartsa-naana;Dartsa-naana;Dartsa-naana;Dartsa-naana;Dartsa-naana;;;;;;;;;x
GOD_DATTATREYA;Dattatreya;Dattatreya;Dattatreya;Dattatreya;Dattatreya;;;;;;;;;x
GOD_DEDOL_JAMMA;Dedol Jamma;Dedol Jamma;Dedol Jamma;;Dedol Jamma;;;;;;;;;x
GOD_DEELA-MALKH;Deela-malkh;Deela-malkh;Deela-malkh;Deela-malkh;Deela-malkh;;;;;;;;;x
GOD_DEELA;Deela;Deela;Deela;Deela;Deela;;;;;;;;;x
GOD_DEKCHEN;Dekchen;Dekchen;Dekchen;;Dekchen;;;;;;;;;x
GOD_DELBAETH;Delbaeth;Delbaeth;Delbaeth;Delbaeth;Delbaeth;;;;;;;;;x
GOD_DEMETER;Demeter;Demeter;Demeter;Demeter;Demeter;;;;;;;;;x
GOD_DEVI;Devi;Devi;Devi;Devi;Devi;;;;;;;;;x
GOD_DHARA;Dhara;Dhara;Dhara;Dhara;Dhara;;;;;;;;;x
GOD_DHATRI;Dhatri;Dhatri;Dhatri;Dhatri;Dhatri;;;;;;;;;x
GOD_DHUMAVATI;Dhumavati;Dhumavati;Dhumavati;Dhumavati;Dhumavati;;;;;;;;;x
GOD_DIANA;Diana;Diana;Diana;Diana;Diana;;;;;;;;;x
GOD_DIAN_CECHT;Dian Cecht;Dian Cecht;Dian Cecht;Dian Cecht;Dian Cecht;;;;;;;;;x
GOD_DIARMUID;Diarmuid;Diarmuid;Diarmuid;Diarmuid;Diarmuid;;;;;;;;;x
GOD_DIEVAS_SENELIS;Dievas Senelis;Dievas Senelis;Dievas Senelis;Dievas Senelis;Dievas Senelis;;;;;;;;;x
GOD_DIKE;Dike;Dike;Dike;Dike;Dike;;;;;;;;;x
GOD_DILIS_VARSKVLAVI;Dilis Varskvlavi;Dilis Varskvlavi;Dilis Varskvlavi;Dilis Varskvlavi;Dilis Varskvlavi;;;;;;;;;x
GOD_DIONE;Dione;Dione;Dione;Dione;Dione;;;;;;;;;x
GOD_DIS_PATER;Dis Pater;Dis Pater;Dis Pater;Dis Pater;Dis Pater;;;;;;;;;x
GOD_DITI;Diti;Diti;Diti;Diti;Diti;;;;;;;;;x
GOD_DODOLA;Dodola;Dodola;Dodola;Dodola;Dodola;;;;;;;;;x
GOD_DON;Don;Don;Don;Don;Don;;;;;;;;;x
GOD_DONAR;Donar;Donar;Donar;Donar;Donar;;;;;;;;;x
GOD_DONBETTYR;Donbettyr;Donbettyr;Donbettyr;Donbettyr;Donbettyr;;;;;;;;;x
GOD_DONN;Donn;Donn;Donn;Donn;Donn;;;;;;;;;x
GOD_DRAGTSEN;Dragtsen;Dragtsen;Dragtsen;;Dragtsen;;;;;;;;;x
GOD_DRAUPADI;Draupadi;Draupadi;Draupadi;Draupadi;Draupadi;;;;;;;;;x
GOD_DURGA;Durga;Durga;Durga;Durga;Durga;;;;;;;;;x
GOD_DWYFAN;Dwyfan;Dwyfan;Dwyfan;Dwyfan;Dwyfan;;;;;;;;;x
GOD_DYLAN;Dylan;Dylan;Dylan;Dylan;Dylan;;;;;;;;;x
GOD_DZAMBALA;Dzambala;Dzambala;Dzambala;;Dzambala;;;;;;;;;x
GOD_DZIEWONA;Dziewona;Dziewona;Dziewona;Dziewona;Dziewona;;;;;;;;;x
GOD_DZYZLAN-DZAHKUAZH;Dzyzlan-dzahkuazh;Dzyzlan-dzahkuazh;Dzyzlan-dzahkuazh;Dzyzlan-dzahkuazh;Dzyzlan-dzahkuazh;;;;;;;;;x
GOD_EBAJALG;Ebajalg;Ebajalg;Ebajalg;Ebajalg;Ebajalg;;;;;;;;;x
GOD_ECNE;Ecne;Ecne;Ecne;Ecne;Ecne;;;;;;;;;x
GOD_EFNYSIEN;Efnysien;Efnysien;Efnysien;Efnysien;Efnysien;;;;;;;;;x
GOD_EGOBAIL;Egobail;Egobail;Egobail;Egobail;Egobail;;;;;;;;;x
GOD_EHAEMA;Ehaema;Ehaema;Ehaema;Ehaema;Ehaema;;;;;;;;;x
GOD_EIRENE;Eirene;Eirene;Eirene;Eirene;Eirene;;;;;;;;;x
GOD_ELATHA;Elatha;Elatha;Elatha;Elatha;Elatha;;;;;;;;;x
GOD_ELCMAR;Elcmar;Elcmar;Elcmar;Elcmar;Elcmar;;;;;;;;;x
GOD_ELECTRA;Electra;Electra;Electra;Electra;Electra;;;;;;;;;x
GOD_ELEN;Elen;Elen;Elen;Elen;Elen;;;;;;;;;x
GOD_ELTA;Elta;Elta;Elta;Elta;Elta;;;;;;;;;x
GOD_EN;En;En;En;En;En;;;;;;;;;x
GOD_EOCHAID;Eochaid;Eochaid;Eochaid;Eochaid;Eochaid;;;;;;;;;x
GOD_EOS;Eos;Eos;Eos;Eos;Eos;;;;;;;;;x
GOD_EPIMETHEUS;Epimetheus;Epimetheus;Epimetheus;Epimetheus;Epimetheus;;;;;;;;;x
GOD_EPIONE;Epione;Epione;Epione;Epione;Epione;;;;;;;;;x
GOD_EREBOS;Erebos;Erebos;Erebos;Erebos;Erebos;;;;;;;;;x
GOD_ERENTIL;Erentil;Erentil;Erentil;Erentil;Erentil;;;;;;;;;x
GOD_ERGE;Erge;Erge;Erge;Erge;Erge;;;;;;;;;x
GOD_ERIU;Eriu;Eriu;Eriu;Eriu;Eriu;;;;;;;;;x
GOD_ERMEN;Ermen;Ermen;Ermen;Ermen;Ermen;;;;;;;;;x
GOD_ERNMAS;Ernmas;Ernmas;Ernmas;Ernmas;Ernmas;;;;;;;;;x
GOD_EROS;Eros;Eros;Eros;Eros;Eros;;;;;;;;;x
GOD_ERZULIE_FREDA;Erzulie Freda;Erzulie Freda;Erzulie Freda;Erzulie Freda;Erzulie Freda;;;;;;;;;x
GOD_ESEGE_MALAN;Esege Malan;Esege Malan;Esege Malan;Esege Malan;Esege Malan;;;;;;;;;x
GOD_ETAIN;Etain;Etain;Etain;Etain;Etain;;;;;;;;;x
GOD_ETHNIU;Ethniu;Ethniu;Ethniu;Ethniu;Ethniu;;;;;;;;;x
GOD_ETPOSZOJKA;Etposzojka;Etposzojka;Etposzojka;Etposzojka;Etposzojka;;;;;;;;;x
GOD_EUROSWYDD;Euroswydd;Euroswydd;Euroswydd;Euroswydd;Euroswydd;;;;;;;;;x
GOD_EURYBIA;Eurybia;Eurybia;Eurybia;Eurybia;Eurybia;;;;;;;;;x
GOD_EURYNOME;Eurynome;Eurynome;Eurynome;Eurynome;Eurynome;;;;;;;;;x
GOD_EZERINIS;Ezerinis;Ezerinis;Ezerinis;Ezerinis;Ezerinis;;;;;;;;;x
GOD_FAELVAERA;Faelvaera;Faelvaera;Faelvaera;Faelvaera;Faelvaera;;;;;;;;;x
GOD_FALKHAN;Falkhan;Falkhan;Falkhan;Falkhan;Falkhan;;;;;;;;;x
GOD_FAND;Fand;Fand;Fand;Fand;Fand;;;;;;;;;x
GOD_FAUNUS;Faunus;Faunus;Faunus;Faunus;Faunus;;;;;;;;;x
GOD_FEAR_DOIRCHE;Fear Doirche;Fear Doirche;Fear Doirche;Fear Doirche;Fear Doirche;;;;;;;;;x
GOD_FENE;Fene;Fene;Fene;Fene;Fene;;;;;;;;;x
GOD_FERDIAD;Ferdiad;Ferdiad;Ferdiad;Ferdiad;Ferdiad;;;;;;;;;x
GOD_FERONIA;Feronia;Feronia;Feronia;Feronia;Feronia;;;;;;;;;x
GOD_FIACHRA;Fiachra;Fiachra;Fiachra;Fiachra;Fiachra;;;;;;;;;x
GOD_FIDES;Fides;Fides;Fides;Fides;Fides;;;;;;;;;x
GOD_FINNGUALA;Finnguala;Finnguala;Finnguala;Finnguala;Finnguala;;;;;;;;;x
GOD_FIONN;Fionn;Fionn;Fionn;Fionn;Fionn;;;;;;;;;x
GOD_FIONNUALA;Fionnuala;Fionnuala;Fionnuala;Fionnuala;Fionnuala;;;;;;;;;x
GOD_FLIDAIS;Flidais;Flidais;Flidais;Flidais;Flidais;;;;;;;;;x
GOD_FLORA;Flora;Flora;Flora;Flora;Flora;;;;;;;;;x
GOD_FODLA;Fodla;Fodla;Fodla;Fodla;Fodla;;;;;;;;;x
GOD_FONS;Fons;Fons;Fons;Fons;Fons;;;;;;;;;x
GOD_FORTUNA;Fortuna;Fortuna;Fortuna;Fortuna;Fortuna;;;;;;;;;x
GOD_FRIJA;Frija;Frija;Frija;Frija;Frija;;;;;;;;;x
GOD_FROUWA;Frouwa;Frouwa;Frouwa;Frouwa;Frouwa;;;;;;;;;x
GOD_FUCHI;Fuchi;Fuchi;Fuchi;;Fuchi;;;;;;;;;x
GOD_FUJIN;Fujin;Fujin;Fujin;;Fujin;;;;;;;;;x
GOD_FUSHEN;Fushen;Fushen;Fushen;Fushen;Fushen;;;;;;;;;x
GOD_FUTUCHI;the Futuchi;les Futuchi;die Futuchi;;los Futuchi;;;;;;;;;x
GOD_FUURU_NU_KAMI;Fuuru nu Kami;Fuuru nu Kami;Fuuru nu Kami;;Fuuru nu Kami;;;;;;;;;x
GOD_FUXI;Fuxi;Fuxi;Fuxi;Fuxi;Fuxi;;;;;;;;;x
GOD_GADINTOJA;Gadintoja;Gadintoja;Gadintoja;Gadintoja;Gadintoja;;;;;;;;;x
GOD_GAIA;Gaia;Gaia;Gaia;Gaia;Gaia;;;;;;;;;x
GOD_GAIM;Gaim;Gaim;Gaim;Gaim;Gaim;;;;;;;;;x
GOD_GAL-YERDI;Gal-yerdi;Gal-yerdi;Gal-yerdi;Gal-yerdi;Gal-yerdi;;;;;;;;;x
GOD_GANESHA;Ganesha;Ganesha;Ganesha;Ganesha;Ganesha;;;;;;;;;x
GOD_GANGADEVI;Gangadevi;Gangadevi;Gangadevi;Gangadevi;Gangadevi;;;;;;;;;x
GOD_GARUDA;Garuda;Garuda;Garuda;Garuda;Garuda;;;;;;;;;x
GOD_GATSI;Gatsi;Gatsi;Gatsi;Gatsi;Gatsi;;;;;;;;;x
GOD_GAUEKO;Gaueko;Gaueko;Gaueko;Gaueko;Gaueko;;;;;;;;;x
GOD_GAUT;Gaut;Gaut;Gaut;Gaut;Gaut;;;;;;;;;x
GOD_GAYATRI;Gayatri;Gayatri;Gayatri;Gayatri;Gayatri;;;;;;;;;x
GOD_GILTINE;Giltine;Giltine;Giltine;Giltine;Giltine;;;;;;;;;x
GOD_GITCHEE_MANITOU;Gitchee Manitou;Gitchee Manitou;Gitchee Manitou;Gitchee Manitou;Gitchee Manitou;;;;;;;;;x
GOD_GLAUCUS;Glaucus;Glaucus;Glaucus;Glaucus;Glaucus;;;;;;;;;x
GOD_GOFANNON;Gofannon;Gofannon;Gofannon;Gofannon;Gofannon;;;;;;;;;x
GOD_GOIBNIU;Goibniu;Goibniu;Goibniu;Goibniu;Goibniu;;;;;;;;;x
GOD_GUAN_YU;Guan Yu;Guan Yu;Guan Yu;Guan Yu;Guan Yu;;;;;;;;;x
GOD_GUAYOTA;Guayota;Guayota;Guayota;;Guayota;;;;;;;;;x
GOD_GUTA;Guta;Guta;Guta;Guta;Guta;;;;;;;;;x
GOD_GWION_BACH;Gwion Bach;Gwion Bach;Gwion Bach;Gwion Bach;Gwion Bach;;;;;;;;;x
GOD_GWYDDNO_GARANHIR;Gwyddno Garanhir;Gwyddno Garanhir;Gwyddno Garanhir;Gwyddno Garanhir;Gwyddno Garanhir;;;;;;;;;x
GOD_GWYDION;Gwydion;Gwydion;Gwydion;Gwydion;Gwydion;;;;;;;;;x
GOD_GWYN;Gwyn;Gwyn;Gwyn;Gwyn;Gwyn;;;;;;;;;x
GOD_GYUMA_CHENMO;Gyuma Chenmo;Gyuma Chenmo;Gyuma Chenmo;;Gyuma Chenmo;;;;;;;;;x
GOD_HACHIMAN;Hachiman;Hachiman;Hachiman;;Hachiman;;;;;;;;;x
GOD_HADUR;Hadur;Hadur;Hadur;Hadur;Hadur;;;;;;;;;x
GOD_HAESIK-NIM;Haesik-nim;Haesik-nim;Haesik-nim;;Haesik-nim;;;;;;;;;x
GOD_HAFGAN;Hafgan;Hafgan;Hafgan;Hafgan;Hafgan;;;;;;;;;x
GOD_HAJNAL_ANYACSKA;Hajnal Anyacska;Hajnal Anyacska;Hajnal Anyacska;Hajnal Anyacska;Hajnal Anyacska;;;;;;;;;x
GOD_HALL;Hall;Hall;Hall;Hall;Hall;;;;;;;;;x
GOD_HAMARIK;Hamarik;Hamarik;Hamarik;Hamarik;Hamarik;;;;;;;;;x
GOD_HANEUL-NIM;Haneul-nim;Haneul-nim;Haneul-nim;;Haneul-nim;;;;;;;;;x
GOD_HANUMAN;Hanuman;Hanuman;Hanuman;Hanuman;Hanuman;;;;;;;;;x
GOD_HASH-INAU-UK;Hash-Inau-uk;Hash-Inau-uk;Hash-Inau-uk;;Hash-Inau-uk;;;;;;;;;x
GOD_HAYK;Hayk;Hayk;Hayk;Hayk;Hayk;;;;;;;;;x
GOD_HECATE;Hecate;Hecate;Hecate;Hecate;Hecate;;;;;;;;;x
GOD_HEINI-IKI;Heini-iki;Heini-iki;Heini-iki;Heini-iki;Heini-iki;;;;;;;;;x
GOD_HELA;Hela;Hela;Hela;Hela;Hela;;;;;;;;;x
GOD_HEMERA;Hemera;Hemera;Hemera;Hemera;Hemera;;;;;;;;;x
GOD_HEPHAESTUS;Hephaestus;Hephaestus;Hephaestus;Hephaestus;Hephaestus;;;;;;;;;x
GOD_HERACLES;Heracles;Heracles;Heracles;Heracles;Heracles;;;;;;;;;x
GOD_HERENSUGE;Herensuge;Herensuge;Herensuge;Herensuge;Herensuge;;;;;;;;;x
GOD_HERMES;Hermes;Hermes;Hermes;Hermes;Hermes;;;;;;;;;x
GOD_HERSE;Herse;Herse;Herse;Herse;Herse;;;;;;;;;x
GOD_HESTIA;Hestia;Hestia;Hestia;Hestia;Hestia;;;;;;;;;x
GOD_HIGIZ;Higiz;Higiz;Higiz;Higiz;Higiz;;;;;;;;;x
GOD_HINDI_DANU;Hindi Danu;Hindi Danu;Hindi Danu;Hindi Danu;Hindi Danu;;;;;;;;;x
GOD_HINUKAN;Hinukan;Hinukan;Hinukan;;Hinukan;;;;;;;;;x
GOD_HODEI;Hodei;Hodei;Hodei;Hodei;Hodei;;;;;;;;;x
GOD_HOIDJA;Hoidja;Hoidja;Hoidja;Hoidja;Hoidja;;;;;;;;;x
GOD_HOTEL-EKWA;Hotel-ekwa;Hotel-ekwa;Hotel-ekwa;Hotel-ekwa;Hotel-ekwa;;;;;;;;;x
GOD_HOTOKE;Hotoke;Hotoke;Hotoke;;Hotoke;;;;;;;;;x
GOD_HUANGDI;Huangdi;Huangdi;Huangdi;Huangdi;Huangdi;;;;;;;;;x
GOD_HUNOR_AND_MAGOR;Hunor And Magor;Hunor And Magor;Hunor And Magor;Hunor And Magor;Hunor And Magor;;;;;;;;;x
GOD_HUYAENDON_AELDAR;Huyaendon Aeldar;Huyaendon Aeldar;Huyaendon Aeldar;Huyaendon Aeldar;Huyaendon Aeldar;;;;;;;;;x
GOD_HUYCAU;Huycau;Huycau;Huycau;Huycau;Huycau;;;;;;;;;x
GOD_HUYE;Huye;Huye;Huye;Huye;Huye;;;;;;;;;x
GOD_HWANIN;Hwanin;Hwanin;Hwanin;;Hwanin;;;;;;;;;x
GOD_HWANUNG;Hwanung;Hwanung;Hwanung;;Hwanung;;;;;;;;;x
GOD_HYDROS;Hydros;Hydros;Hydros;Hydros;Hydros;;;;;;;;;x
GOD_HYPERION;Hyperion;Hyperion;Hyperion;Hyperion;Hyperion;;;;;;;;;x
GOD_HYPNOS;Hypnos;Hypnos;Hypnos;Hypnos;Hypnos;;;;;;;;;x
GOD_IAKHSARI;Iakhsari;Iakhsari;Iakhsari;Iakhsari;Iakhsari;;;;;;;;;x
GOD_IAPETUS;Iapetus;Iapetus;Iapetus;Iapetus;Iapetus;;;;;;;;;x
GOD_IFRI;Ifri;Ifri;Ifri;Ifri;Ifri;;;;;;;;;x
GOD_ILLARGI;Illargi;Illargi;Illargi;Illargi;Illargi;;;;;;;;;x
GOD_ILMANEITSI;Ilmaneitsi;Ilmaneitsi;Ilmaneitsi;Ilmaneitsi;Ilmaneitsi;;;;;;;;;x
GOD_ILMARINE;Ilmarine;Ilmarine;Ilmarine;Ilmarine;Ilmarine;;;;;;;;;x
GOD_ILMARINEN;Ilmarinen;Ilmarinen;Ilmarinen;Ilmarinen;Ilmarinen;;;;;;;;;x
GOD_ILO;Ilo;Ilo;Ilo;Ilo;Ilo;;;;;;;;;x
GOD_INARI;Inari;Inari;Inari;;Inari;;;;;;;;;x
GOD_INDRA;Indra;Indra;Indra;Indra;Indra;;;;;;;;;x
GOD_INDRAJA;Indraja;Indraja;Indraja;Indraja;Indraja;;;;;;;;;x
GOD_INDRANI;Indrani;Indrani;Indrani;Indrani;Indrani;;;;;;;;;x
GOD_INGUIN;Inguin;Inguin;Inguin;Inguin;Inguin;;;;;;;;;x
GOD_IPABOG;Ipabog;Ipabog;Ipabog;Ipabog;Ipabog;;;;;;;;;x
GOD_IPMIL;Ipmil;Ipmil;Ipmil;Ipmil;Ipmil;;;;;;;;;x
GOD_IRIS;Iris;Iris;Iris;Iris;Iris;;;;;;;;;x
GOD_ISANA;Isana;Isana;Isana;Isana;Isana;;;;;;;;;x
GOD_ISHTAR-DEELA;Ishtar-deela;Ishtar-deela;Ishtar-deela;Ishtar-deela;Ishtar-deela;;;;;;;;;x
GOD_ISSKALBEJA;Isskalbeja;Isskalbeja;Isskalbeja;Isskalbeja;Isskalbeja;;;;;;;;;x
GOD_ISTEN;Isten;Isten;Isten;Isten;Isten;;;;;;;;;x
GOD_ISTENANYA;Istenanya;Istenanya;Istenanya;Istenanya;Istenanya;;;;;;;;;x
GOD_IUCHAR;Iuchar;Iuchar;Iuchar;Iuchar;Iuchar;;;;;;;;;x
GOD_IUCHARBA;Iucharba;Iucharba;Iucharba;Iucharba;Iucharba;;;;;;;;;x
GOD_IZANAGI;Izanagi;Izanagi;Izanagi;;Izanagi;;;;;;;;;x
GOD_IZANAMI;Izanami;Izanami;Izanami;;Izanami;;;;;;;;;x
GOD_JABBMEAAHKKA;Jabbmeaahkka;Jabbmeaahkka;Jabbmeaahkka;Jabbmeaahkka;Jabbmeaahkka;;;;;;;;;x
GOD_JAGADDHATRI;Jagaddhatri;Jagaddhatri;Jagaddhatri;Jagaddhatri;Jagaddhatri;;;;;;;;;x
GOD_JAGANNATH;Jagannath;Jagannath;Jagannath;Jagannath;Jagannath;;;;;;;;;x
GOD_JANUS;Janus;Janus;Janus;Janus;Janus;;;;;;;;;x
GOD_JARVEVANA;Jarvevana;Jarvevana;Jarvevana;Jarvevana;Jarvevana;;;;;;;;;x
GOD_JAVINE;Javine;Javine;Javine;Javine;Javine;;;;;;;;;x
GOD_JELPING-JA-OYKA;Jelping-ja-oyka;Jelping-ja-oyka;Jelping-ja-oyka;Jelping-ja-oyka;Jelping-ja-oyka;;;;;;;;;x
GOD_JIEVARAS;Jievaras;Jievaras;Jievaras;Jievaras;Jievaras;;;;;;;;;x
GOD_JIHA_YEOJANGGUN;Jiha Yeojanggun;Jiha Yeojanggun;Jiha Yeojanggun;;Jiha Yeojanggun;;;;;;;;;x
GOD_JIICJI;Jiichi;Jiichi;Jiichi;;Jiichi;;;;;;;;;x
GOD_JUBMEL;Jubmel;Jubmel;Jubmel;Jubmel;Jubmel;;;;;;;;;x
GOD_JUMADI;Jumadi;Jumadi;Jumadi;Jumadi;Jumadi;;;;;;;;;x
GOD_JUMAL;Jumal;Jumal;Jumal;Jumal;Jumal;;;;;;;;;x
GOD_JUOKSAHKKA;Juoksahkka;Juoksahkka;Juoksahkka;Juoksahkka;Juoksahkka;;;;;;;;;x
GOD_JYOTIBA;Jyotiba;Jyotiba;Jyotiba;Jyotiba;Jyotiba;;;;;;;;;x
GOD_KAGU-TSUCHI;Kagu-tsuchi;Kagu-tsuchi;Kagu-tsuchi;;Kagu-tsuchi;;;;;;;;;x
GOD_KAITSJA;Kaitsja;Kaitsja;Kaitsja;Kaitsja;Kaitsja;;;;;;;;;x
GOD_KALI;Kali;Kali;Kali;Kali;Kali;;;;;;;;;x
GOD_KALIYA;Kaliya;Kaliya;Kaliya;Kaliya;Kaliya;;;;;;;;;x
GOD_KALTES-EKWA;Kaltes-ekwa;Kaltes-ekwa;Kaltes-ekwa;Kaltes-ekwa;Kaltes-ekwa;;;;;;;;;x
GOD_KALTES_ANKW;Kaltes Ankw;Kaltes Ankw;Kaltes Ankw;Kaltes Ankw;Kaltes Ankw;;;;;;;;;x
GOD_KAMADEVA;Kamadeva;Kamadeva;Kamadeva;Kamadeva;Kamadeva;;;;;;;;;x
GOD_KAMAKSHI;Kamakshi;Kamakshi;Kamakshi;Kamakshi;Kamakshi;;;;;;;;;x
GOD_KAMALA;Kamala;Kamala;Kamala;Kamala;Kamala;;;;;;;;;x
GOD_KAMI;the Kami;les Kami;die Kami;;los Kami;;;;;;;;;x
GOD_KAMUY;the Kamuy;les Kamuy;die Kamuy;;los Kamuy;;;;;;;;;x
GOD_KAN-IKI;Kan-iki;Kan-iki;Kan-iki;Kan-iki;Kan-iki;;;;;;;;;x
GOD_KANAKA_DURGA;Kanaka Durga;Kanaka Durga;Kanaka Durga;Kanaka Durga;Kanaka Durga;;;;;;;;;x
GOD_KANDAKORO;Kandakoro;Kandakoro;Kandakoro;;Kandakoro;;;;;;;;;x
GOD_KANNA;Kanna;Kanna;Kanna;;Kanna;;;;;;;;;x
GOD_KARAPET;Karapet;Karapet;Karapet;Karapet;Karapet;;;;;;;;;x
GOD_KASHYAP;Kashyap;Kashyap;Kashyap;Kashyap;Kashyap;;;;;;;;;x
GOD_KATYAYINI;Katyayini;Katyayini;Katyayini;Katyayini;Katyayini;;;;;;;;;x
GOD_KAUMARI;Kaumari;Kaumari;Kaumari;Kaumari;Kaumari;;;;;;;;;x
GOD_KAVE;Kave;Kave;Kave;Kave;Kave;;;;;;;;;x
GOD_KAYRA;Kayra;Kayra;Kayra;Kayra;Kayra;;;;;;;;;x
GOD_KHALTESH-ANKI;Khaltesh-anki;Khaltesh-anki;Khaltesh-anki;Khaltesh-anki;Khaltesh-anki;;;;;;;;;x
GOD_KHANDOBA;Khandoba;Khandoba;Khandoba;Khandoba;Khandoba;;;;;;;;;x
GOD_KIM-UN;Kim-un;Kim-un;Kim-un;;Kim-un;;;;;;;;;x
GOD_KINH_DUONG_VUONG;Kinh Duong Vuong;Kinh Duong Vuong;Kinh Duong Vuong;Kinh Duong Vuong;Kinh Duong Vuong;;;;;;;;;x
GOD_KOIT;Koit;Koit;Koit;Koit;Koit;;;;;;;;;x
GOD_KOKH_KOX;Kokh Kox;Kokh Kox;Kokh Kox;Kokh Kox;Kokh Kox;;;;;;;;;x
GOD_KOLIADA;Koliada;Koliada;Koliada;Koliada;Koliada;;;;;;;;;x
GOD_KONG_FUZI;Khuwngx Bju-cix;Khuwngx Bju-cix;Khuwngx Bju-cix;;Khuwngx Bju-cix;;;;;;;;;x
GOD_KONOHANASAKUYA-HIME;Konohanasakuya-hime;Konohanasakuya-hime;Konohanasakuya-hime;;Konohanasakuya-hime;;;;;;;;;x
GOD_KOOX;Koox;Koox;Koox;Koox;Koox;;;;;;;;;x
GOD_KOPALA;Kopala;Kopala;Kopala;Kopala;Kopala;;;;;;;;;x
GOD_KOPE_TIATIE_CAC;Kope Tiatie Cac;Kope Tiatie Cac;Kope Tiatie Cac;Kope Tiatie Cac;Kope Tiatie Cac;;;;;;;;;x
GOD_KOTITONTTU;Kotitonttu;Kotitonttu;Kotitonttu;Kotitonttu;Kotitonttu;;;;;;;;;x
GOD_KOU;Kou;Kou;Kou;Kou;Kou;;;;;;;;;x
GOD_KOUZIN_ZAKA;Kouzin Zaka;Kouzin Zaka;Kouzin Zaka;Kouzin Zaka;Kouzin Zaka;;;;;;;;;x
GOD_KRESNIK;Kresnik;Kresnik;Kresnik;Kresnik;Kresnik;;;;;;;;;x
GOD_KRISHNA;Krishna;Krishna;Krishna;Krishna;Krishna;;;;;;;;;x
GOD_KULY-OTIR;Kuly-otir;Kuly-otir;Kuly-otir;Kuly-otir;Kuly-otir;;;;;;;;;x
GOD_KUMAN_THONG;Kuman Thong;Kuman Thong;Kuman Thong;Kuman Thong;Kuman Thong;;;;;;;;;x
GOD_KUNZANG_GYALWA_DUPA;Kunzang Gyalwa Dupa;Kunzang Gyalwa Dupa;Kunzang Gyalwa Dupa;;Kunzang Gyalwa Dupa;;;;;;;;;x
GOD_KUPALA;Kupala;Kupala;Kupala;Kupala;Kupala;;;;;;;;;x
GOD_KUPOLE;Kupole;Kupole;Kupole;Kupole;Kupole;;;;;;;;;x
GOD_KURAOKAMI;Kuraokami;Kuraokami;Kuraokami;;Kuraokami;;;;;;;;;x
GOD_KURDALAEGON;Kurdalaegon;Kurdalaegon;Kurdalaegon;Kurdalaegon;Kurdalaegon;;;;;;;;;x
GOD_KURMA;Kurma;Kurma;Kurma;Kurma;Kurma;;;;;;;;;x
GOD_KUU;Kuu;Kuu;Kuu;Kuu;Kuu;;;;;;;;;x
GOD_KYBELIS;Kybelis;Kybelis;Kybelis;Kybelis;Kybelis;;;;;;;;;x
GOD_LAC_LONG_QUAN;Lac Long Quan;Lac Long Quan;Lac Long Quan;Lac Long Quan;Lac Long Quan;;;;;;;;;x
GOD_LADA;Lada;Lada;Lada;Lada;Lada;;;;;;;;;x
GOD_LAKSHMANA;Lakshmana;Lakshmana;Lakshmana;Lakshmana;Lakshmana;;;;;;;;;x
GOD_LAKSHMI;Lakshmi;Lakshmi;Lakshmi;Lakshmi;Lakshmi;;;;;;;;;x
GOD_LAMARA;Lamara;Lamara;Lamara;Lamara;Lamara;;;;;;;;;x
GOD_LARES;Lares;Lares;Lares;Lares;Lares;;;;;;;;;x
GOD_LARUNDA;Larunda;Larunda;Larunda;Larunda;Larunda;;;;;;;;;x
GOD_LELANTOS;Lelantos;Lelantos;Lelantos;Lelantos;Lelantos;;;;;;;;;x
GOD_LELYA;Lelya;Lelya;Lelya;Lelya;Lelya;;;;;;;;;x
GOD_LEMPO;Lempo;Lempo;Lempo;Lempo;Lempo;;;;;;;;;x
GOD_LEN;Len;Len;Len;Len;Len;;;;;;;;;x
GOD_LETO;Leto;Leto;Leto;Leto;Leto;;;;;;;;;x
GOD_LEUCOTHEA;Leucothea;Leucothea;Leucothea;Leucothea;Leucothea;;;;;;;;;x
GOD_LEUCOTHENIA;Leucothenia;Leucothenia;Leucothenia;Leucothenia;Leucothenia;;;;;;;;;x
GOD_LIBER;Liber;Liber;Liber;Liber;Liber;;;;;;;;;x
GOD_LIBERA;Libera;Libera;Libera;Libera;Libera;;;;;;;;;x
GOD_LIDERC;Liderc;Liderc;Liderc;Liderc;Liderc;;;;;;;;;x
GOD_LIEAIBOLMMAI;Lieaibolmmai;Lieaibolmmai;Lieaibolmmai;Lieaibolmmai;Lieaibolmmai;;;;;;;;;x
GOD_LIR;Lir;Lir;Lir;Lir;Lir;;;;;;;;;x
GOD_LI_BAN;Li Ban;Li Ban;Li Ban;Li Ban;Li Ban;;;;;;;;;x
GOD_LLEU_LLAW_GYFFES;Lleu Llaw Gyffes;Lleu Llaw Gyffes;Lleu Llaw Gyffes;Lleu Llaw Gyffes;Lleu Llaw Gyffes;;;;;;;;;x
GOD_LLUDD_LLAW_ERAINT;Lludd Llaw Eraint;Lludd Llaw Eraint;Lludd Llaw Eraint;Lludd Llaw Eraint;Lludd Llaw Eraint;;;;;;;;;x
GOD_LLYR;Llyr;Llyr;Llyr;Llyr;Llyr;;;;;;;;;x
GOD_LOUHI;Louhi;Louhi;Louhi;Louhi;Louhi;;;;;;;;;x
GOD_LOVIATAR;Loviatar;Loviatar;Loviatar;Loviatar;Loviatar;;;;;;;;;x
GOD_LUCHTA;Luchta;Luchta;Luchta;Luchta;Luchta;;;;;;;;;x
GOD_LUCINA;Lucina;Lucina;Lucina;Lucina;Lucina;;;;;;;;;x
GOD_LUG;Lug;Lug;Lug;;Lug;;;;;;;;;x
GOD_LUNA;Luna;Luna;Luna;Luna;Luna;;;;;;;;;x
GOD_LUNGZVUENGZ;Lungzvuengz;Lungzvuengz;Lungzvuengz;Lungzvuengz;Lungzvuengz;;;;;;;;;x
GOD_LUONNOTAR;Luonnotar;Luonnotar;Luonnotar;Luonnotar;Luonnotar;;;;;;;;;x
GOD_LUSHEN;Lushen;Lushen;Lushen;Lushen;Lushen;;;;;;;;;x
GOD_MAADTERAAJJA;Maadteraajja;Maadteraajja;Maadteraajja;Maadteraajja;Maadteraajja;;;;;;;;;x
GOD_MAADTRERAAHKA;Maadtreraahka;Maadtreraahka;Maadtreraahka;Maadtreraahka;Maadtreraahka;;;;;;;;;x
GOD_MAAEMA;Maaema;Maaema;Maaema;Maaema;Maaema;;;;;;;;;x
GOD_MABON;Mabon;Mabon;Mabon;Mabon;Mabon;;;;;;;;;x
GOD_MACARIA;Macaria;Macaria;Macaria;Macaria;Macaria;;;;;;;;;x
GOD_MACHEN_POMRA;Machen Pomra;Machen Pomra;Machen Pomra;;Machen Pomra;;;;;;;;;x
GOD_MAC_CECHT;Mac Cecht;Mac Cecht;Mac Cecht;Mac Cecht;Mac Cecht;;;;;;;;;x
GOD_MAC_CUILL;Mac Cuill;Mac Cuill;Mac Cuill;Mac Cuill;Mac Cuill;;;;;;;;;x
GOD_MAC_GREINE;Mac Greine;Mac Greine;Mac Greine;Mac Greine;Mac Greine;;;;;;;;;x
GOD_MAETSILL;Maetsill;Maetsill;Maetsill;Maetsill;Maetsill;;;;;;;;;x
GOD_MAETSKHALI;Maetskhali;Maetskhali;Maetskhali;Maetskhali;Maetskhali;;;;;;;;;x
GOD_MAGEC;Magec;Magec;Magec;;Magec;;;;;;;;;x
GOD_MAGO;Mago;Mago;Mago;;Mago;;;;;;;;;x
GOD_MAGPON;Magpon;Magpon;Magpon;;Magpon;;;;;;;;;x
GOD_MAHADEVA;Mahadeva;Mahadeva;Mahadeva;Mahadeva;Mahadeva;;;;;;;;;x
GOD_MAHALASA;Mahalasa;Mahalasa;Mahalasa;Mahalasa;Mahalasa;;;;;;;;;x
GOD_MAHAVIRA;Mahavira;Mahavira;Mahavira;;Mahavira;;;;;;;;;x
GOD_MAHESHVARI;Maheshvari;Maheshvari;Maheshvari;Maheshvari;Maheshvari;;;;;;;;;x
GOD_MAIA;Maia;Maia;Maia;Maia;Maia;;;;;;;;;x
GOD_MAJU;Maju;Maju;Maju;Maju;Maju;;;;;;;;;x
GOD_MAMUKA;Mamuka;Mamuka;Mamuka;Mamuka;Mamuka;;;;;;;;;x
GOD_MANASA;Manasa;Manasa;Manasa;Manasa;Manasa;;;;;;;;;x
GOD_MANAWYDAN;Manawydan;Manawydan;Manawydan;Manawydan;Manawydan;;;;;;;;;x
GOD_MANO;Mano;Mano;Mano;Mano;Mano;;;;;;;;;x
GOD_MARRAS;Marras;Marras;Marras;Marras;Marras;;;;;;;;;x
GOD_MASTIMAN;Mastiman;Mastiman;Mastiman;Mastiman;Mastiman;;;;;;;;;x
GOD_MASTORATIA;Mastoratia;Mastoratia;Mastoratia;Mastoratia;Mastoratia;;;;;;;;;x
GOD_MASTORON_KIRDI;Mastoron Kirdi;Mastoron Kirdi;Mastoron Kirdi;Mastoron Kirdi;Mastoron Kirdi;;;;;;;;;x
GOD_MASTORPAZ;Mastorpaz;Mastorpaz;Mastorpaz;Mastorpaz;Mastorpaz;;;;;;;;;x
GOD_MATANGI;Matangi;Matangi;Matangi;Matangi;Matangi;;;;;;;;;x
GOD_MATH;Math;Math;Math;Math;Math;;;;;;;;;x
GOD_MATHONWY;Mathonwy;Mathonwy;Mathonwy;Mathonwy;Mathonwy;;;;;;;;;x
GOD_MATSYA;Matsya;Matsya;Matsya;Matsya;Matsya;;;;;;;;;x
GOD_MATTIR-DEELA;Mattir-deela;Mattir-deela;Mattir-deela;Mattir-deela;Mattir-deela;;;;;;;;;x
GOD_MAWEI_SENGE;Mawei Senge;Mawei Senge;Mawei Senge;;Mawei Senge;;;;;;;;;x
GOD_MAZU;Mazu;Mazu;Mazu;Mazu;Mazu;;;;;;;;;x
GOD_MA_GU;Ma Gu;Ma Gu;Ma Gu;Ma Gu;Ma Gu;;;;;;;;;x
GOD_MEDB;Medb;Medb;Medb;Medb;Medb;;;;;;;;;x
GOD_MEDB_LETHDERG;Medb Lethderg;Medb Lethderg;Medb Lethderg;Medb Lethderg;Medb Lethderg;;;;;;;;;x
GOD_MEENUSH;Meenush;Meenush;Meenush;Meenush;Meenush;;;;;;;;;x
GOD_MEHOA;Mehoa;Mehoa;Mehoa;Mehoa;Mehoa;;;;;;;;;x
GOD_MEL-DEELA;Mel-deela;Mel-deela;Mel-deela;Mel-deela;Mel-deela;;;;;;;;;x
GOD_MELER-YERDI;Meler-yerdi;Meler-yerdi;Meler-yerdi;Meler-yerdi;Meler-yerdi;;;;;;;;;x
GOD_MELINOE;Melinoe;Melinoe;Melinoe;Melinoe;Melinoe;;;;;;;;;x
GOD_MENDISS;Mendiss;Mendiss;Mendiss;Mendiss;Mendiss;;;;;;;;;x
GOD_MENMO;Menmo;Menmo;Menmo;;Menmo;;;;;;;;;x
GOD_MENOETIUS;Menoetius;Menoetius;Menoetius;Menoetius;Menoetius;;;;;;;;;x
GOD_MENUO;Menuo;Menuo;Menuo;Menuo;Menuo;;;;;;;;;x
GOD_METANCIOJI;Metancioji;Metancioji;Metancioji;Metancioji;Metancioji;;;;;;;;;x
GOD_METIS;Metis;Metis;Metis;Metis;Metis;;;;;;;;;x
GOD_METSAEMA;Metsaema;Metsaema;Metsaema;Metsaema;Metsaema;;;;;;;;;x
GOD_METSAVANA;Metsavana;Metsavana;Metsavana;Metsavana;Metsavana;;;;;;;;;x
GOD_METSIK;Metsik;Metsik;Metsik;Metsik;Metsik;;;;;;;;;x
GOD_MHASOBA;Mhasoba;Mhasoba;Mhasoba;Mhasoba;Mhasoba;;;;;;;;;x
GOD_MIACH;Miach;Miach;Miach;Miach;Miach;;;;;;;;;x
GOD_MICHIKAESHI;Michikaeshi;Michikaeshi;Michikaeshi;;Michikaeshi;;;;;;;;;x
GOD_MIDIR;Midir;Midir;Midir;Midir;Midir;;;;;;;;;x
GOD_MIELIKKI;Mielikki;Mielikki;Mielikki;Mielikki;Mielikki;;;;;;;;;x
GOD_MIHR;Mihr;Mihr;Mihr;Mihr;Mihr;;;;;;;;;x
GOD_MIKELATS;Mikelats;Mikelats;Mikelats;Mikelats;Mikelats;;;;;;;;;x
GOD_MINAKSHI;Minakshi;Minakshi;Minakshi;Minakshi;Minakshi;;;;;;;;;x
GOD_MINTAKORO;Mintakoro;Mintakoro;Mintakoro;;Mintakoro;;;;;;;;;x
GOD_MIR-SUSNE-HUM;Mir-susne-hum;Mir-susne-hum;Mir-susne-hum;Mir-susne-hum;Mir-susne-hum;;;;;;;;;x
GOD_MITAMA;the Mitama;les Mitama;die Mitama;;los Mitama;;;;;;;;;x
GOD_MNEMOSYNE;Mnemosyne;Mnemosyne;Mnemosyne;Mnemosyne;Mnemosyne;;;;;;;;;x
GOD_MODRON;Modron;Modron;Modron;Modron;Modron;;;;;;;;;x
GOD_MOHINI;Mohini;Mohini;Mohini;Mohini;Mohini;;;;;;;;;x
GOD_MOKHA-NAANA;Mokha-naana;Mokha-naana;Mokha-naana;Mokha-naana;Mokha-naana;;;;;;;;;x
GOD_MOKOSH;Mokosh;Mokosh;Mokosh;Mokosh;Mokosh;;;;;;;;;x
GOD_MOLUJIA;Molujia;Molujia;Molujia;Molujia;Molujia;;;;;;;;;x
GOD_MOLYZ-YERDI;Molyz-yerdi;Molyz-yerdi;Molyz-yerdi;Molyz-yerdi;Molyz-yerdi;;;;;;;;;x
GOD_MONGFIND;Mongfind;Mongfind;Mongfind;Mongfind;Mongfind;;;;;;;;;x
GOD_MORANA;Morana;Morana;Morana;Morana;Morana;;;;;;;;;x
GOD_MORFRAN;Morfran;Morfran;Morfran;Morfran;Morfran;;;;;;;;;x
GOD_MORIGE;Morige;Morige;Morige;Morige;Morige;;;;;;;;;x
GOD_MOR_MUMAN;Mor Muman;Mor Muman;Mor Muman;Mor Muman;Mor Muman;;;;;;;;;x
GOD_MOSHIRIKARA;Moshirikara;Moshirikara;Moshirikara;;Moshirikara;;;;;;;;;x
GOD_MOZH;Mozh;Mozh;Mozh;Mozh;Mozh;;;;;;;;;x
GOD_MUBPIENALMAJ;Mubpienalmaj;Mubpienalmaj;Mubpienalmaj;Mubpienalmaj;Mubpienalmaj;;;;;;;;;x
GOD_MUBYASEI;Mubyasei;Mubyasei;Mubyasei;Mubyasei;Mubyasei;;;;;;;;;x
GOD_MUG_RUITH;Mug Ruith;Mug Ruith;Mug Ruith;Mug Ruith;Mug Ruith;;;;;;;;;x
GOD_MUIRNE;Muirne;Muirne;Muirne;Muirne;Muirne;;;;;;;;;x
GOD_MUNGU;Mungu;Mungu;Mungu;Mungu;Mungu;;;;;;;;;x
GOD_MUNIANDI;Muniandi;Muniandi;Muniandi;Muniandi;Muniandi;;;;;;;;;x
GOD_MURUEIT;Murueit;Murueit;Murueit;Murueit;Murueit;;;;;;;;;x
GOD_MURUGAN;Murugan;Murugan;Murugan;Murugan;Murugan;;;;;;;;;x
GOD_MURUMENDIKO_DAMA;Murumendiko Dama;Murumendiko Dama;Murumendiko Dama;Murumendiko Dama;Murumendiko Dama;;;;;;;;;x
GOD_MUTHHAPPAN;Muthhappan;Muthhappan;Muthhappan;Muthhappan;Muthhappan;;;;;;;;;x
GOD_MUTHYALAMMA;Muthyalamma;Muthyalamma;Muthyalamma;Muthyalamma;Muthyalamma;;;;;;;;;x
GOD_MYESYATS;Myesyats;Myesyats;Myesyats;Myesyats;Myesyats;;;;;;;;;x
GOD_MYRDDIN_WYLLT;Myrddin Wyllt;Myrddin Wyllt;Myrddin Wyllt;Myrddin Wyllt;Myrddin Wyllt;;;;;;;;;x
GOD_MZEKALA;Mzekala;Mzekala;Mzekala;Mzekala;Mzekala;;;;;;;;;x
GOD_NAJ-EKWA;Naj-ekwa;Naj-ekwa;Naj-ekwa;Naj-ekwa;Naj-ekwa;;;;;;;;;x
GOD_NAM-LHA;Nam-lha;Nam-lha;Nam-lha;;Nam-lha;;;;;;;;;x
GOD_NAMPAR_GYALWA;Nampar Gyalwa;Nampar Gyalwa;Nampar Gyalwa;;Nampar Gyalwa;;;;;;;;;x
GOD_NANDI;Nandi;Nandi;Nandi;Nandi;Nandi;;;;;;;;;x
GOD_NANG_KWAK;Nang Kwak;Nang Kwak;Nang Kwak;Nang Kwak;Nang Kwak;;;;;;;;;x
GOD_NANG_MAI;Nang Mai;Nang Mai;Nang Mai;Nang Mai;Nang Mai;;;;;;;;;x
GOD_NANG_TAKIAN;Nang Takian;Nang Takian;Nang Takian;Nang Takian;Nang Takian;;;;;;;;;x
GOD_NANG_TANI;Nang Tani;Nang Tani;Nang Tani;Nang Tani;Nang Tani;;;;;;;;;x
GOD_NAPKIRALY;Napkiraly;Napkiraly;Napkiraly;Napkiraly;Napkiraly;;;;;;;;;x
GOD_NARASHIMA;Narashima;Narashima;Narashima;Narashima;Narashima;;;;;;;;;x
GOD_NARASIMHI;Narasimhi;Narasimhi;Narasimhi;Narasimhi;Narasimhi;;;;;;;;;x
GOD_NARAYANA;Narayana;Narayana;Narayana;Narayana;Narayana;;;;;;;;;x
GOD_NATARAJA;Nataraja;Nataraja;Nataraja;Nataraja;Nataraja;;;;;;;;;x
GOD_NECHTAN;Nechtan;Nechtan;Nechtan;Nechtan;Nechtan;;;;;;;;;x
GOD_NEIT;Neit;Neit;Neit;Neit;Neit;;;;;;;;;x
GOD_NEMAIN;Nemain;Nemain;Nemain;Nemain;Nemain;;;;;;;;;x
GOD_NEMESIS;Nemesis;Nemesis;Nemesis;Nemesis;Nemesis;;;;;;;;;x
GOD_NEREUS;Nereus;Nereus;Nereus;Nereus;Nereus;;;;;;;;;x
GOD_NERIO;Nerio;Nerio;Nerio;Nerio;Nerio;;;;;;;;;x
GOD_NERTHUZ;Nerthuz;Nerthuz;Nerthuz;Nerthuz;Nerthuz;;;;;;;;;x
GOD_NGA;Nga;Nga;Nga;Nga;Nga;;;;;;;;;x
GOD_NGOC_HOANG;Ngoc Hoang;Ngoc Hoang;Ngoc Hoang;Ngoc Hoang;Ngoc Hoang;;;;;;;;;x
GOD_NHIALIC;Nhialic;Nhialic;Nhialic;Nhialic;Nhialic;;;;;;;;;x
GOD_NIAM;Niam;Niam;Niam;Niam;Niam;;;;;;;;;x
GOD_NIC_NAOMHIN;Nic Naomhin;Nic Naomhin;Nic Naomhin;Nic Naomhin;Nic Naomhin;;;;;;;;;x
GOD_NIKE;Nike;Nike;Nike;Nike;Nike;;;;;;;;;x
GOD_NINIGI;Ninigi;Ninigi;Ninigi;;Ninigi;;;;;;;;;x
GOD_NIRRTI;Nirrti;Nirrti;Nirrti;Nirrti;Nirrti;;;;;;;;;x
GOD_NISHA;Nisha;Nisha;Nisha;Nisha;Nisha;;;;;;;;;x
GOD_NISHKEPAZ;Nishkepaz;Nishkepaz;Nishkepaz;Nishkepaz;Nishkepaz;;;;;;;;;x
GOD_NISIEN;Nisien;Nisien;Nisien;Nisien;Nisien;;;;;;;;;x
GOD_NISKENDE_TEITERT;Niskende Teitert;Niskende Teitert;Niskende Teitert;Niskende Teitert;Niskende Teitert;;;;;;;;;x
GOD_NKAUJ_HNUB;Nkauj Hnub;Nkauj Hnub;Nkauj Hnub;Nkauj Hnub;Nkauj Hnub;;;;;;;;;x
GOD_NOROVAVA;Norovava;Norovava;Norovava;Norovava;Norovava;;;;;;;;;x
GOD_NPLOOJ_LWG;Nplooj Lwg;Nplooj Lwg;Nplooj Lwg;Nplooj Lwg;Nplooj Lwg;;;;;;;;;x
GOD_NRAUG_HLIS;Nraug Hlis;Nraug Hlis;Nraug Hlis;Nraug Hlis;Nraug Hlis;;;;;;;;;x
GOD_NUKIRPEJA;Nukirpeja;Nukirpeja;Nukirpeja;Nukirpeja;Nukirpeja;;;;;;;;;x
GOD_NUM-TORUM;Num-torum;Num-torum;Num-torum;Num-torum;Num-torum;;;;;;;;;x
GOD_NUM;Num;Num;Num;Num;Num;;;;;;;;;x
GOD_NUNE;Nune;Nune;Nune;Nune;Nune;;;;;;;;;x
GOD_NUWA;Nuwa;Nuwa;Nuwa;Nuwa;Nuwa;;;;;;;;;x
GOD_NYIPANGTSEN;Nyipangtsen;Nyipangtsen;Nyipangtsen;;Nyipangtsen;;;;;;;;;x
GOD_NYYRIKKI;Nyyrikki;Nyyrikki;Nyyrikki;Nyyrikki;Nyyrikki;;;;;;;;;x
GOD_OCEANUS;Oceanus;Oceanus;Oceanus;Oceanus;Oceanus;;;;;;;;;x
GOD_OCHOPINTRE;Ochopintre;Ochopintre;Ochopintre;Ochopintre;Ochopintre;;;;;;;;;x
GOD_ODEI;Odei;Odei;Odei;Odei;Odei;;;;;;;;;x
GOD_OENGUS;Oengus;Oengus;Oengus;Oengus;Oengus;;;;;;;;;x
GOD_OHOYAMATSUMI;Ohoyamatsumi;Ohoyamatsumi;Ohoyamatsumi;;Ohoyamatsumi;;;;;;;;;x
GOD_OISIN;Oisin;Oisin;Oisin;Oisin;Oisin;;;;;;;;;x
GOD_OKSAAHKA;Oksaahka;Oksaahka;Oksaahka;Oksaahka;Oksaahka;;;;;;;;;x
GOD_OLWEN;Olwen;Olwen;Olwen;Olwen;Olwen;;;;;;;;;x
GOD_OLYSYA;Olysya;Olysya;Olysya;Olysya;Olysya;;;;;;;;;x
GOD_OMOIKANE;Omoikane;Omoikane;Omoikane;;Omoikane;;;;;;;;;x
GOD_OMOL;Omol;Omol;Omol;Omol;Omol;;;;;;;;;x
GOD_OPHION;Ophion;Ophion;Ophion;Ophion;Ophion;;;;;;;;;x
GOD_OPS;Ops;Ops;Ops;Ops;Ops;;;;;;;;;x
GOD_ORCUS;Orcus;Orcus;Orcus;Orcus;Orcus;;;;;;;;;x
GOD_ORDOG;Ordog;Ordog;Ordog;Ordog;Ordog;;;;;;;;;x
GOD_OSCAR;Oscar;Oscar;Oscar;Oscar;Oscar;;;;;;;;;x
GOD_OTOHIME;Otohime;Otohime;Otohime;;Otohime;;;;;;;;;x
GOD_OT_ENE;Ot Ene;Ot Ene;Ot Ene;Ot Ene;Ot Ene;;;;;;;;;x
GOD_OZWIENA;Ozwiena;Ozwiena;Ozwiena;Ozwiena;Ozwiena;;;;;;;;;x
GOD_P'EERSKA;P'eerska;P'eerska;P'eerska;P'eerska;P'eerska;;;;;;;;;x
GOD_PAIKE;Paike;Paike;Paike;Paike;Paike;;;;;;;;;x
GOD_PAIVATAR;Paivatar;Paivatar;Paivatar;Paivatar;Paivatar;;;;;;;;;x
GOD_PAKANE;Pakane;Pakane;Pakane;Pakane;Pakane;;;;;;;;;x
GOD_PALAEMON;Palaemon;Palaemon;Palaemon;Palaemon;Palaemon;;;;;;;;;x
GOD_PALES;Pales;Pales;Pales;Pales;Pales;;;;;;;;;x
GOD_PALLAS;Pallas;Pallas;Pallas;Pallas;Pallas;;;;;;;;;x
GOD_PAN;Pan;Pan;Pan;Pan;Pan;;;;;;;;;x
GOD_PANGU;Pangu;Pangu;Pangu;Pangu;Pangu;;;;;;;;;x
GOD_PAPA_LEGBA;Papa Legba;Papa Legba;Papa Legba;Papa Legba;Papa Legba;;;;;;;;;x
GOD_PARAMESHWARA;Parameshwara;Parameshwara;Parameshwara;;Parameshwara;;;;;;;;;x
GOD_PARASHIVA;Parashiva;Parashiva;Parashiva;Parashiva;Parashiva;;;;;;;;;x
GOD_PARASHURAMA;Parashurama;Parashurama;Parashurama;Parashurama;Parashurama;;;;;;;;;x
GOD_PARJANYA;Parjanya;Parjanya;Parjanya;Parjanya;Parjanya;;;;;;;;;x
GOD_PARVATI;Parvati;Parvati;Parvati;Parvati;Parvati;;;;;;;;;x
GOD_PASHUPATI;Pashupati;Pashupati;Pashupati;Pashupati;Pashupati;;;;;;;;;x
GOD_PATARAZ;Pataraz;Pataraz;Pataraz;Pataraz;Pataraz;;;;;;;;;x
GOD_PEKKO;Pekko;Pekko;Pekko;Pekko;Pekko;;;;;;;;;x
GOD_PEKLENC;Peklenc;Peklenc;Peklenc;Peklenc;Peklenc;;;;;;;;;x
GOD_PEKO;Peko;Peko;Peko;Peko;Peko;;;;;;;;;x
GOD_PELLERVO;Pellervo;Pellervo;Pellervo;Pellervo;Pellervo;;;;;;;;;x
GOD_PELUDI-AIKA;Peludi-aika;Peludi-aika;Peludi-aika;Peludi-aika;Peludi-aika;;;;;;;;;x
GOD_PENARDDUN;Penarddun;Penarddun;Penarddun;Penarddun;Penarddun;;;;;;;;;x
GOD_PEREMEES;Peremees;Peremees;Peremees;Peremees;Peremees;;;;;;;;;x
GOD_PEREPLUT;Pereplut;Pereplut;Pereplut;Pereplut;Pereplut;;;;;;;;;x
GOD_PERSEPHONE;Persephone;Persephone;Persephone;Persephone;Persephone;;;;;;;;;x
GOD_PERSES;Perses;Perses;Perses;Perses;Perses;;;;;;;;;x
GOD_PERUMAL;Perumal;Perumal;Perumal;Perumal;Perumal;;;;;;;;;x
GOD_PHANES;Phanes;Phanes;Phanes;Phanes;Phanes;;;;;;;;;x
GOD_PHI_FA;Phi Fa;Phi Fa;Phi Fa;Phi Fa;Phi Fa;;;;;;;;;x
GOD_PHI_THALE;Phi Thale;Phi Thale;Phi Thale;Phi Thale;Phi Thale;;;;;;;;;x
GOD_PHO-LHA;Pho-lha;Pho-lha;Pho-lha;;Pho-lha;;;;;;;;;x
GOD_PHOEBE;Phoebe;Phoebe;Phoebe;Phoebe;Phoebe;;;;;;;;;x
GOD_PHOSOP;Phosop;Phosop;Phosop;Phosop;Phosop;;;;;;;;;x
GOD_PHRAM;Phram;Phram;Phram;Phram;Phram;;;;;;;;;x
GOD_PHUK-LHA;Phuk-lha;Phuk-lha;Phuk-lha;;Phuk-lha;;;;;;;;;x
GOD_PIHATONTTU;Pihatonttu;Pihatonttu;Pihatonttu;Pihatonttu;Pihatonttu;;;;;;;;;x
GOD_PIKNE;Pikne;Pikne;Pikne;Pikne;Pikne;;;;;;;;;x
GOD_PIRET;Piret;Piret;Piret;Piret;Piret;;;;;;;;;x
GOD_PIRKUSHI;Pirkushi;Pirkushi;Pirkushi;Pirkushi;Pirkushi;;;;;;;;;x
GOD_PIRU;Piru;Piru;Piru;Piru;Piru;;;;;;;;;x
GOD_PKHARMAT;Pkharmat;Pkharmat;Pkharmat;Pkharmat;Pkharmat;;;;;;;;;x
GOD_PLOR_NA_MBAN;Plor Na Mban;Plor Na Mban;Plor Na Mban;Plor Na Mban;Plor Na Mban;;;;;;;;;x
GOD_PLUTO;Pluto;Pluto;Pluto;Pluto;Pluto;;;;;;;;;x
GOD_PLUTUS;Plutus;Plutus;Plutus;Plutus;Plutus;;;;;;;;;x
GOD_POJ_NTXOOG;Poj Ntxoog;Poj Ntxoog;Poj Ntxoog;Poj Ntxoog;Poj Ntxoog;;;;;;;;;x
GOD_PONTUS;Pontus;Pontus;Pontus;Pontus;Pontus;;;;;;;;;x
GOD_POREWIT;Porewit;Porewit;Porewit;Porewit;Porewit;;;;;;;;;x
GOD_PORGUNEITSI;Porguneitsi;Porguneitsi;Porguneitsi;Porguneitsi;Porguneitsi;;;;;;;;;x
GOD_POSTAJANKT-IKI;Postajankt-iki;Postajankt-iki;Postajankt-iki;Postajankt-iki;Postajankt-iki;;;;;;;;;x
GOD_PRAAMZIUS;Praamzius;Praamzius;Praamzius;Praamzius;Praamzius;;;;;;;;;x
GOD_PRAJAPATI;Prajapati;Prajapati;Prajapati;Prajapati;Prajapati;;;;;;;;;x
GOD_PRITHVI;Prithvi;Prithvi;Prithvi;Prithvi;Prithvi;;;;;;;;;x
GOD_PROMETHEUS;Prometheus;Prometheus;Prometheus;Prometheus;Prometheus;;;;;;;;;x
GOD_PROSERPINA;Proserpina;Proserpina;Proserpina;Proserpina;Proserpina;;;;;;;;;x
GOD_PROTEUS;Proteus;Proteus;Proteus;Proteus;Proteus;;;;;;;;;x
GOD_PRYDERI;Pryderi;Pryderi;Pryderi;Pryderi;Pryderi;;;;;;;;;x
GOD_PUR'GINEPAZ;Pur'ginepaz;Pur'ginepaz;Pur'ginepaz;Pur'ginepaz;Pur'ginepaz;;;;;;;;;x
GOD_PURBA_DRUGSE_CHEMPA;Purba Drugse Chempa;Purba Drugse Chempa;Purba Drugse Chempa;;Purba Drugse Chempa;;;;;;;;;x
GOD_PURUSHA;Purusha;Purusha;Purusha;Purusha;Purusha;;;;;;;;;x
GOD_PUSHAN;Pushan;Pushan;Pushan;Pushan;Pushan;;;;;;;;;x
GOD_PWYLL;Pwyll;Pwyll;Pwyll;Pwyll;Pwyll;;;;;;;;;x
GOD_PYVSYAN'SA;Pyvsyan'sa;Pyvsyan'sa;Pyvsyan'sa;Pyvsyan'sa;Pyvsyan'sa;;;;;;;;;x
GOD_QIYE;Qiye;Qiye;Qiye;Qiye;Qiye;;;;;;;;;x
GOD_QUIRINUS;Quirinus;Quirinus;Quirinus;Quirinus;Quirinus;;;;;;;;;x
GOD_RAAKO;Raako;Raako;Raako;Raako;Raako;;;;;;;;;x
GOD_RAEDIEAHKKA;Raedieahkka;Raedieahkka;Raedieahkka;Raedieahkka;Raedieahkka;;;;;;;;;x
GOD_RAEDIENGIEDTE;Raediengiedte;Raediengiedte;Raediengiedte;Raediengiedte;Raediengiedte;;;;;;;;;x
GOD_RAIJIN;Raijin;Raijin;Raijin;;Raijin;;;;;;;;;x
GOD_RAMA;Rama;Rama;Rama;Rama;Rama;;;;;;;;;x
GOD_RANA_NIEJTA;Rana Niejta;Rana Niejta;Rana Niejta;Rana Niejta;Rana Niejta;;;;;;;;;x
GOD_RANGANATHA;Ranganatha;Ranganatha;Ranganatha;Ranganatha;Ranganatha;;;;;;;;;x
GOD_RATI;Rati;Rati;Rati;Rati;Rati;;;;;;;;;x
GOD_RATRI;Ratri;Ratri;Ratri;Ratri;Ratri;;;;;;;;;x
GOD_RENUKA;Renuka;Renuka;Renuka;Renuka;Renuka;;;;;;;;;x
GOD_REPUN;Repun;Repun;Repun;;Repun;;;;;;;;;x
GOD_REVANTA;Revanta;Revanta;Revanta;Revanta;Revanta;;;;;;;;;x
GOD_RHEA;Rhea;Rhea;Rhea;Rhea;Rhea;;;;;;;;;x
GOD_RHIANNON;Rhiannon;Rhiannon;Rhiannon;Rhiannon;Rhiannon;;;;;;;;;x
GOD_RINNAL;Rinnal;Rinnal;Rinnal;Rinnal;Rinnal;;;;;;;;;x
GOD_RISHABHA;Rishabha;Rishabha;Rishabha;;Rishabha;;;;;;;;;x
GOD_ROOG_SENE;Roog Sene;Roog Sene;Roog Sene;Roog Sene;Roog Sene;;;;;;;;;x
GOD_ROUGUTAJA;Rougutaja;Rougutaja;Rougutaja;Rougutaja;Rougutaja;;;;;;;;;x
GOD_RUDRA;Rudra;Rudra;Rudra;Rudra;Rudra;;;;;;;;;x
GOD_RUKMINI;Rukmini;Rukmini;Rukmini;Rukmini;Rukmini;;;;;;;;;x
GOD_RUKORO;Rukoro;Rukoro;Rukoro;;Rukoro;;;;;;;;;x
GOD_RUOHTTA;Ruohtta;Ruohtta;Ruohtta;Ruohtta;Ruohtta;;;;;;;;;x
GOD_RYNYSHA;Rynysha;Rynysha;Rynysha;Rynysha;Rynysha;;;;;;;;;x
GOD_RYUGU;Ryugu;Ryugu;Ryugu;;Ryugu;;;;;;;;;x
GOD_RYUJIN;Ryujin;Ryujin;Ryujin;;Ryujin;;;;;;;;;x
GOD_SAARAAHKA;Saaraahka;Saaraahka;Saaraahka;Saaraahka;Saaraahka;;;;;;;;;x
GOD_SADHBH;Sadhbh;Sadhbh;Sadhbh;Sadhbh;Sadhbh;;;;;;;;;x
GOD_SAFA;Safa;Safa;Safa;Safa;Safa;;;;;;;;;x
GOD_SALGYE_DU_DOLMA;Salgye Du Dolma;Salgye Du Dolma;Salgye Du Dolma;;Salgye Du Dolma;;;;;;;;;x
GOD_SALUS;Salus;Salus;Salus;Salus;Salus;;;;;;;;;x
GOD_SANGPO_BUMTRI;Sangpo Bumtri;Sangpo Bumtri;Sangpo Bumtri;;Sangpo Bumtri;;;;;;;;;x
GOD_SARANYU;Saranyu;Saranyu;Saranyu;Saranyu;Saranyu;;;;;;;;;x
GOD_SARASWATI;Saraswati;Saraswati;Saraswati;Saraswati;Saraswati;;;;;;;;;x
GOD_SARKANY;Sarkany;Sarkany;Sarkany;Sarkany;Sarkany;;;;;;;;;x
GOD_SARKIS;Sarkis;Sarkis;Sarkis;Sarkis;Sarkis;;;;;;;;;x
GOD_SARUTAHIKO;Sarutahiko;Sarutahiko;Sarutahiko;;Sarutahiko;;;;;;;;;x
GOD_SASHIKUNI;Sashikuni;Sashikuni;Sashikuni;;Sashikuni;;;;;;;;;x
GOD_SATA;Sata;Sata;Sata;Sata;Sata;;;;;;;;;x
GOD_SATANA;Satana;Satana;Satana;Satana;Satana;;;;;;;;;x
GOD_SATI;Sati;Sati;Sati;Sati;Sati;;;;;;;;;x
GOD_SATRIG_ERSANG;Satrig Ersang;Satrig Ersang;Satrig Ersang;;Satrig Ersang;;;;;;;;;x
GOD_SATURN;Saturn;Saturn;Saturn;Saturn;Saturn;;;;;;;;;x
GOD_SAUBARAG;Saubarag;Saubarag;Saubarag;Saubarag;Saubarag;;;;;;;;;x
GOD_SAUNATONTTU;Saunatonttu;Saunatonttu;Saunatonttu;Saunatonttu;Saunatonttu;;;;;;;;;x
GOD_SAVITR;Savitr;Savitr;Savitr;Savitr;Savitr;;;;;;;;;x
GOD_SAVITRI;Savitri;Savitri;Savitri;Savitri;Savitri;;;;;;;;;x
GOD_SAWSARAKA;Sawsaraka;Sawsaraka;Sawsaraka;Sawsaraka;Sawsaraka;;;;;;;;;x
GOD_SCATHACH;Scathach;Scathach;Scathach;Scathach;Scathach;;;;;;;;;x
GOD_SEELA;Seela;Seela;Seela;Seela;Seela;;;;;;;;;x
GOD_SEELASAT;Seelasat;Seelasat;Seelasat;Seelasat;Seelasat;;;;;;;;;x
GOD_SELENE;Selene;Selene;Selene;Selene;Selene;;;;;;;;;x
GOD_SELIJA;Selija;Selija;Selija;Selija;Selija;;;;;;;;;x
GOD_SEONAIDH;Seonaidh;Seonaidh;Seonaidh;Seonaidh;Seonaidh;;;;;;;;;x
GOD_SERGETOJA;Sergetoja;Sergetoja;Sergetoja;Sergetoja;Sergetoja;;;;;;;;;x
GOD_SETENEJ;Setenej;Setenej;Setenej;Setenej;Setenej;;;;;;;;;x
GOD_SHACHI;Shachi;Shachi;Shachi;Shachi;Shachi;;;;;;;;;x
GOD_SHAHY;Shahy;Shahy;Shahy;Shahy;Shahy;;;;;;;;;x
GOD_SHAKTI;Shakti;Shakti;Shakti;Shakti;Shakti;;;;;;;;;x
GOD_SHANGQING;Shangqing;Shangqing;Shangqing;Shangqing;Shangqing;;;;;;;;;x
GOD_SHANTADURGA;Shantadurga;Shantadurga;Shantadurga;Shantadurga;Shantadurga;;;;;;;;;x
GOD_SHAN_WANG;Shan Wang;Shan Wang;Shan Wang;Shan Wang;Shan Wang;;;;;;;;;x
GOD_SHEELA_NA_GIG;Sheela Na Gig;Sheela Na Gig;Sheela Na Gig;Sheela Na Gig;Sheela Na Gig;;;;;;;;;x
GOD_SHEN-LHA_OKAR;Shen-lha Odkar;Shen-lha Odkar;Shen-lha Odkar;;Shen-lha Odkar;;;;;;;;;x
GOD_SHENNONG;Shennong;Shennong;Shennong;Shennong;Shennong;;;;;;;;;x
GOD_SHERAB_CHAMMA;Sherab Chamma;Sherab Chamma;Sherab Chamma;;Sherab Chamma;;;;;;;;;x
GOD_SHESHA;Shesha;Shesha;Shesha;Shesha;Shesha;;;;;;;;;x
GOD_SHESHEN;Sheshen;Sheshen;Sheshen;Sheshen;Sheshen;;;;;;;;;x
GOD_SHINJE;Shinje;Shinje;Shinje;;Shinje;;;;;;;;;x
GOD_SHITALA;Shitala;Shitala;Shitala;Shitala;Shitala;;;;;;;;;x
GOD_SHOUSHEN;Shoushen;Shoushen;Shoushen;Shoushen;Shoushen;;;;;;;;;x
GOD_SIEBOG;Siebog;Siebog;Siebog;Siebog;Siebog;;;;;;;;;x
GOD_SILENUS;Silenus;Silenus;Silenus;Silenus;Silenus;;;;;;;;;x
GOD_SILVANUS;Silvanus;Silvanus;Silvanus;Silvanus;Silvanus;;;;;;;;;x
GOD_SIMBI;Simbi;Simbi;Simbi;Simbi;Simbi;;;;;;;;;x
GOD_SINTHGUT;Sinthgut;Sinthgut;Sinthgut;Sinthgut;Sinthgut;;;;;;;;;x
GOD_SIPE_GYALMO;Sipe Gyalmo;Sipe Gyalmo;Sipe Gyalmo;;Sipe Gyalmo;;;;;;;;;x
GOD_SITA;Sita;Sita;Sita;Sita;Sita;;;;;;;;;x
GOD_SIV_YIS;Siv Yis;Siv Yis;Siv Yis;Siv Yis;Siv Yis;;;;;;;;;x
GOD_SLAINE;Slaine;Slaine;Slaine;Slaine;Slaine;;;;;;;;;x
GOD_SOLOBUNG_YUBIN;Solobung Yubin;Solobung Yubin;Solobung Yubin;Solobung Yubin;Solobung Yubin;;;;;;;;;x
GOD_SOMA;Soma;Soma;Soma;Soma;Soma;;;;;;;;;x
GOD_SONGKORO_HEHE;ongkoro Hehe;ongkoro Hehe;ongkoro Hehe;;ongkoro Hehe;;;;;;;;;x
GOD_SONGZI_NIANGNIANG;Songzi Niangniang;Songzi Niangniang;Songzi Niangniang;Songzi Niangniang;Songzi Niangniang;;;;;;;;;x
GOD_SON_TINH;Son Tinh;Son Tinh;Son Tinh;Son Tinh;Son Tinh;;;;;;;;;x
GOD_SPANDARAMET;Spandaramet;Spandaramet;Spandaramet;Spandaramet;Spandaramet;;;;;;;;;x
GOD_SRENG;Sreng;Sreng;Sreng;Sreng;Sreng;;;;;;;;;x
GOD_STALLON;Stallon;Stallon;Stallon;Stallon;Stallon;;;;;;;;;x
GOD_STRIBOG;Stribog;Stribog;Stribog;Stribog;Stribog;;;;;;;;;x
GOD_STYX;Styx;Styx;Styx;Styx;Styx;;;;;;;;;x
GOD_SUGAAR;Sugaar;Sugaar;Sugaar;Sugaar;Sugaar;;;;;;;;;x
GOD_SUIJIN;Suijin;Suijin;Suijin;;Suijin;;;;;;;;;x
GOD_SUKUNA-BIKO-NA;Sukuna-Biko-Na;Sukuna-Biko-Na;Sukuna-Biko-Na;;Sukuna-Biko-Na;;;;;;;;;x
GOD_SUMMANUS;Summanus;Summanus;Summanus;Summanus;Summanus;;;;;;;;;x
GOD_SUNNA;Sunna;Sunna;Sunna;Sunna;Sunna;;;;;;;;;x
GOD_SUPHANNA_MATCHA;Suphanna Matcha;Suphanna Matcha;Suphanna Matcha;Suphanna Matcha;Suphanna Matcha;;;;;;;;;x
GOD_SURMA;Surma;Surma;Surma;Surma;Surma;;;;;;;;;x
GOD_SURYA;Surya;Surya;Surya;Surya;Surya;;;;;;;;;x
GOD_SUSAN;Susan;Susan;Susan;Susan;Susan;;;;;;;;;x
GOD_SUSANOO;Susanoo;Susanoo;Susanoo;;Susanoo;;;;;;;;;x
GOD_SUUR_TOLL;Suur Toll;Suur Toll;Suur Toll;Suur Toll;Suur Toll;;;;;;;;;x
GOD_SVAHA;Svaha;Svaha;Svaha;Svaha;Svaha;;;;;;;;;x
GOD_SYRDON;Syrdon;Syrdon;Syrdon;Syrdon;Syrdon;;;;;;;;;x
GOD_SZELANYA;Szelanya;Szelanya;Szelanya;Szelanya;Szelanya;;;;;;;;;x
GOD_SZELKIRALY;Szelkiraly;Szelkiraly;Szelkiraly;Szelkiraly;Szelkiraly;;;;;;;;;x
GOD_SZEPASSZONY;Szepasszony;Szepasszony;Szepasszony;Szepasszony;Szepasszony;;;;;;;;;x
GOD_TAAMASH-YERDI;Taamash-yerdi;Taamash-yerdi;Taamash-yerdi;Taamash-yerdi;Taamash-yerdi;;;;;;;;;x
GOD_TAARA;Taara;Taara;Taara;Taara;Taara;;;;;;;;;x
GOD_TADG;Tadg;Tadg;Tadg;Tadg;Tadg;;;;;;;;;x
GOD_TAEVATAAT;Taevataat;Taevataat;Taevataat;Taevataat;Taevataat;;;;;;;;;x
GOD_TAGLA_MEMBAR;Tagla Membar;Tagla Membar;Tagla Membar;;Tagla Membar;;;;;;;;;x
GOD_TAILTIU;Tailtiu;Tailtiu;Tailtiu;Tailtiu;Tailtiu;;;;;;;;;x
GOD_TAIQING;Taiqing;Taiqing;Taiqing;Taiqing;Taiqing;;;;;;;;;x
GOD_TALITIU;Talitiu;Talitiu;Talitiu;Talitiu;Talitiu;;;;;;;;;x
GOD_TAMAR;Tamar;Tamar;Tamar;Tamar;Tamar;;;;;;;;;x
GOD_TANIT;Tanit;Tanit;Tanit;Tanit;Tanit;;;;;;;;;x
GOD_TARA;Tara;Tara;Tara;Tara;Tara;;;;;;;;;x
GOD_TARAN;Taran;Taran;Taran;;Taran;;;;;;;;;x
GOD_TARTALO;Tartalo;Tartalo;Tartalo;Tartalo;Tartalo;;;;;;;;;x
GOD_TARTARUS;Tartarus;Tartarus;Tartarus;Tartarus;Tartarus;;;;;;;;;x
GOD_TAWALS;Tawals;Tawals;Tawals;Tawals;Tawals;;;;;;;;;x
GOD_TAWUSE_MELEK;Tawûsê Melek;Tawûsê Melek;Tawûsê Melek;;Tawûsê Melek;;;;;;;;;x
GOD_TECHNE;Techne;Techne;Techne;Techne;Techne;;;;;;;;;x
GOD_TEGID_FOEL;Tegid Foel;Tegid Foel;Tegid Foel;Tegid Foel;Tegid Foel;;;;;;;;;x
GOD_TELLERVO;Tellervo;Tellervo;Tellervo;Tellervo;Tellervo;;;;;;;;;x
GOD_TELLUS;Tellus;Tellus;Tellus;Tellus;Tellus;;;;;;;;;x
GOD_TENJIN;Tenjin;Tenjin;Tenjin;;Tenjin;;;;;;;;;x
GOD_TERMINUS;Terminus;Terminus;Terminus;Terminus;Terminus;;;;;;;;;x
GOD_TETHRA;Tethra;Tethra;Tethra;Tethra;Tethra;;;;;;;;;x
GOD_TETHYS;Tethys;Tethys;Tethys;Tethys;Tethys;;;;;;;;;x
GOD_TETRI_GIORGI;Tetri Giorgi;Tetri Giorgi;Tetri Giorgi;Tetri Giorgi;Tetri Giorgi;;;;;;;;;x
GOD_THA;Tha;Tha;Tha;Tha;Tha;;;;;;;;;x
GOD_THAGYAMIN;Thagyamin;Thagyamin;Thagyamin;Thagyamin;Thagyamin;;;;;;;;;x
GOD_THALASSA;Thalassa;Thalassa;Thalassa;Thalassa;Thalassa;;;;;;;;;x
GOD_THAN;Than;Than;Than;Than;Than;;;;;;;;;x
GOD_THANH_MAU_LIEU_HANH;Thanh Mau Lieu Hanh;Thanh Mau Lieu Hanh;Thanh Mau Lieu Hanh;Thanh Mau Lieu Hanh;Thanh Mau Lieu Hanh;;;;;;;;;x
GOD_THARAPITA;Tharapita;Tharapita;Tharapita;Tharapita;Tharapita;;;;;;;;;x
GOD_THASHXUE;Thashxue;Thashxue;Thashxue;Thashxue;Thashxue;;;;;;;;;x
GOD_THAUMAS;Thaumas;Thaumas;Thaumas;Thaumas;Thaumas;;;;;;;;;x
GOD_THEIA;Theia;Theia;Theia;Theia;Theia;;;;;;;;;x
GOD_THEMIS;Themis;Themis;Themis;Themis;Themis;;;;;;;;;x
GOD_THETIS;Thetis;Thetis;Thetis;Thetis;Thetis;;;;;;;;;x
GOD_THE_ALMAS;The Almas;The Almas;The Almas;The Almas;The Almas;;;;;;;;;x
GOD_THE_ARALEZ;The Aralez;The Aralez;The Aralez;The Aralez;The Aralez;;;;;;;;;x
GOD_THE_ASVIENIAI;The Asvieniai;The Asvieniai;The Asvieniai;The Asvieniai;The Asvieniai;;;;;;;;;x
GOD_THE_BABAK;The Babak;The Babak;The Babak;The Babak;The Babak;;;;;;;;;x
GOD_THE_BAXIAN;The Baxian;The Baxian;The Baxian;The Baxian;The Baxian;;;;;;;;;x
GOD_THE_DAGDA;The Dagda;The Dagda;The Dagda;The Dagda;The Dagda;;;;;;;;;x
GOD_THE_DEVIS;The Devis;The Devis;The Devis;The Devis;The Devis;;;;;;;;;x
GOD_THE_DEVS;The Devs;The Devs;The Devs;The Devs;The Devs;;;;;;;;;x
GOD_THE_DIOSCURI;The Dioscuri;The Dioscuri;The Dioscuri;The Dioscuri;The Dioscuri;;;;;;;;;x
GOD_THE_FOUR_IMMORTALS;The Four Immortals;The Four Immortals;The Four Immortals;The Four Immortals;The Four Immortals;;;;;;;;;x
GOD_THE_FOUR_PALACES_GODDESSES;The Four Palaces Goddesses;The Four Palaces Goddesses;The Four Palaces Goddesses;The Four Palaces Goddesses;The Four Palaces Goddesses;;;;;;;;;x
GOD_THE_GALTZAGORRIAK;The Galtzagorriak;The Galtzagorriak;The Galtzagorriak;The Galtzagorriak;The Galtzagorriak;;;;;;;;;x
GOD_THE_GEMINI;The Gemini;The Gemini;The Gemini;The Gemini;The Gemini;;;;;;;;;x
GOD_THE_GENIUS;The Genius;The Genius;The Genius;The Genius;The Genius;;;;;;;;;x
GOD_THE_GWISHIN;the Gwishin;les Gwishin;die Gwishin;;los Gwishin;;;;;;;;;x
GOD_THE_HEPTAD;the Heptad;les Archanges;die Erzengel;;los Arcángeles;;;;;;;;;x
GOD_THE_HUNSAG;The Hunsag;The Hunsag;The Hunsag;The Hunsag;The Hunsag;;;;;;;;;x
GOD_THE_IRATXOAK;The Iratxoak;The Iratxoak;The Iratxoak;The Iratxoak;The Iratxoak;;;;;;;;;x
GOD_THE_JENTILAK;The Jentilak;The Jentilak;The Jentilak;The Jentilak;The Jentilak;;;;;;;;;x
GOD_THE_JIUHUANG_DAI;The Jiuhuang Dai;The Jiuhuang Dai;The Jiuhuang Dai;The Jiuhuang Dai;The Jiuhuang Dai;;;;;;;;;x
GOD_THE_LAMIAK;The Lamiak;The Lamiak;The Lamiak;The Lamiak;The Lamiak;;;;;;;;;x
GOD_THE_LOA;The Loa;The Loa;The Loa;The Loa;The Loa;;;;;;;;;x
GOD_THE_MAIRUAK;The Mairuak;The Mairuak;The Mairuak;The Mairuak;The Mairuak;;;;;;;;;x
GOD_THE_MANOK;The Manok;The Manok;The Manok;The Manok;The Manok;;;;;;;;;x
GOD_THE_MARASA;The Marasa;The Marasa;The Marasa;The Marasa;The Marasa;;;;;;;;;x
GOD_THE_MAXOIS;the Maxios;les Maxios;die Maxios;;Los Maxios;;;;;;;;;x
GOD_THE_MORRIGAN;The Morrigan;The Morrigan;The Morrigan;The Morrigan;The Morrigan;;;;;;;;;x
GOD_THE_NESOI;The Nesoi;The Nesoi;The Nesoi;The Nesoi;The Nesoi;;;;;;;;;x
GOD_THE_NOVENSIDES;The Novensides;The Novensides;The Novensides;The Novensides;The Novensides;;;;;;;;;x
GOD_THE_ORIASOK;The Oriasok;The Oriasok;The Oriasok;The Oriasok;The Oriasok;;;;;;;;;x
GOD_THE_OUREA;The Ourea;The Ourea;The Ourea;The Ourea;The Ourea;;;;;;;;;x
GOD_THE_PANGOOL;The Pangool;The Pangool;The Pangool;The Pangool;The Pangool;;;;;;;;;x
GOD_THE_PENATES;The Penates;The Penates;The Penates;The Penates;The Penates;;;;;;;;;x
GOD_THE_SEON-NYEO;the Seon-nyeo;les Seon-nyeo;die Seon-nyeo;;las Seon-nyeo;;;;;;;;;x
GOD_THE_SORGINAK;The Sorginak;The Sorginak;The Sorginak;The Sorginak;The Sorginak;;;;;;;;;x
GOD_THE_TARAM;The Taram;The Taram;The Taram;The Taram;The Taram;;;;;;;;;x
GOD_THE_TIRTHANKARAS;The Tirthankaras;The Tirthankaras;The Tirthankaras;The Tirthankaras;The Tirthankaras;;;;;;;;;x
GOD_THE_TORPEK;The Torpek;The Torpek;The Torpek;The Torpek;The Torpek;;;;;;;;;x
GOD_THE_TUNDEREK;The Tunderek;The Tunderek;The Tunderek;The Tunderek;The Tunderek;;;;;;;;;x
GOD_THE_ZORYA;The Zorya;The Zorya;The Zorya;The Zorya;The Zorya;;;;;;;;;x
GOD_THOOSA;Thoosa;Thoosa;Thoosa;Thoosa;Thoosa;;;;;;;;;x
GOD_THUY_TINH;Thuy Tinh;Thuy Tinh;Thuy Tinh;Thuy Tinh;Thuy Tinh;;;;;;;;;x
GOD_TINJIS;Tinjis;Tinjis;Tinjis;Tinjis;Tinjis;;;;;;;;;x
GOD_TIR;Tir;Tir;Tir;Tir;Tir;;;;;;;;;x
GOD_TLEPSH;Tlepsh;Tlepsh;Tlepsh;Tlepsh;Tlepsh;;;;;;;;;x
GOD_TODOTE;Todote;Todote;Todote;Todote;Todote;;;;;;;;;x
GOD_TONPA_SHENRAB;Tonpa Shenrab;Tonpa Shenrab;Tonpa Shenrab;;Tonpa Shenrab;;;;;;;;;x
GOD_TONTTU;Tonttu;Tonttu;Tonttu;Tonttu;Tonttu;;;;;;;;;x
GOD_TOONI;Tooni;Tooni;Tooni;Tooni;Tooni;;;;;;;;;x
GOD_TOORU;Tooru;Tooru;Tooru;Tooru;Tooru;;;;;;;;;x
GOD_TOSAKANTH;Tosakanth;Tosakanth;Tosakanth;Tosakanth;Tosakanth;;;;;;;;;x
GOD_TRENMOR;Trenmor;Trenmor;Trenmor;Trenmor;Trenmor;;;;;;;;;x
GOD_TRIPURA_SUNDARI;Tripura Sundari;Tripura Sundari;Tripura Sundari;Tripura Sundari;Tripura Sundari;;;;;;;;;x
GOD_TRITEIA;Triteia;Triteia;Triteia;Triteia;Triteia;;;;;;;;;x
GOD_TRITON;Triton;Triton;Triton;Triton;Triton;;;;;;;;;x
GOD_TROWOI_NAMJOM;Trowoi Namjom;Trowoi Namjom;Trowoi Namjom;;Trowoi Namjom;;;;;;;;;x
GOD_TSOSII;Tsosii;Tsosii;Tsosii;Tsosii;Tsosii;;;;;;;;;x
GOD_TSOVINAR;Tsovinar;Tsovinar;Tsovinar;Tsovinar;Tsovinar;;;;;;;;;x
GOD_TSUKUYOMI;Tsukuyomi;Tsukuyomi;Tsukuyomi;;Tsukuyomi;;;;;;;;;x
GOD_TUDIGONG;Tudigong;Tudigong;Tudigong;Tudigong;Tudigong;;;;;;;;;x
GOD_TUDI_GONG;Tudi Gong;Tudi Gong;Tudi Gong;Tudi Gong;Tudi Gong;;;;;;;;;x
GOD_TUIRENN;Tuirenn;Tuirenn;Tuirenn;Tuirenn;Tuirenn;;;;;;;;;x
GOD_TUONETAR;Tuonetar;Tuonetar;Tuonetar;Tuonetar;Tuonetar;;;;;;;;;x
GOD_TUONI;Tuoni;Tuoni;Tuoni;Tuoni;Tuoni;;;;;;;;;x
GOD_TURSAS;Tursas;Tursas;Tursas;Tursas;Tursas;;;;;;;;;x
GOD_TURUL;Turul;Turul;Turul;Turul;Turul;;;;;;;;;x
GOD_TUSHOLI;Tusholi;Tusholi;Tusholi;Tusholi;Tusholi;;;;;;;;;x
GOD_TUTYR;Tutyr;Tutyr;Tutyr;Tutyr;Tutyr;;;;;;;;;x
GOD_TUULE-EMA;Tuule-ema;Tuule-ema;Tuule-ema;Tuule-ema;Tuule-ema;;;;;;;;;x
GOD_TUULEISA;Tuuleisa;Tuuleisa;Tuuleisa;Tuuleisa;Tuuleisa;;;;;;;;;x
GOD_TVASTAR;Tvastar;Tvastar;Tvastar;Tvastar;Tvastar;;;;;;;;;x
GOD_TXIV_YAWG;Txiv Yawg;Txiv Yawg;Txiv Yawg;Txiv Yawg;Txiv Yawg;;;;;;;;;x
GOD_TYUSHTYA;Tyushtya;Tyushtya;Tyushtya;Tyushtya;Tyushtya;;;;;;;;;x
GOD_UACILLA;Uacilla;Uacilla;Uacilla;Uacilla;Uacilla;;;;;;;;;x
GOD_UASTYRDZHI;Uastyrdzhi;Uastyrdzhi;Uastyrdzhi;Uastyrdzhi;Uastyrdzhi;;;;;;;;;x
GOD_UATHACH;Uathach;Uathach;Uathach;Uathach;Uathach;;;;;;;;;x
GOD_UKE_MOCHI;Uke Mochi;Uke Mochi;Uke Mochi;;Uke Mochi;;;;;;;;;x
GOD_UKU;Uku;Uku;Uku;Uku;Uku;;;;;;;;;x
GOD_ULDEN_HEHE;Ulden Hehe;Ulden Hehe;Ulden Hehe;;Ulden Hehe;;;;;;;;;x
GOD_UMA;Uma;Uma;Uma;Uma;Uma;;;;;;;;;x
GOD_UNGNYEO;Ungnyeo;Ungnyeo;Ungnyeo;;Ungnyeo;;;;;;;;;x
GOD_UNU;Unu;Unu;Unu;Unu;Unu;;;;;;;;;x
GOD_UPINIS;Upinis;Upinis;Upinis;Upinis;Upinis;;;;;;;;;x
GOD_URANUS;Uranus;Uranus;Uranus;Uranus;Uranus;;;;;;;;;x
GOD_URTZI;Urtzi;Urtzi;Urtzi;Urtzi;Urtzi;;;;;;;;;x
GOD_URVASHI;Urvashi;Urvashi;Urvashi;Urvashi;Urvashi;;;;;;;;;x
GOD_USHAS;Ushas;Ushas;Ushas;Ushas;Ushas;;;;;;;;;x
GOD_UTIN;Utin;Utin;Utin;;Utin;;;;;;;;;x
GOD_VADLEANY;Vadleany;Vadleany;Vadleany;Vadleany;Vadleany;;;;;;;;;x
GOD_VAHAGN;Vahagn;Vahagn;Vahagn;Vahagn;Vahagn;;;;;;;;;x
GOD_VAINAMOINEN;Vainamoinen;Vainamoinen;Vainamoinen;Vainamoinen;Vainamoinen;;;;;;;;;x
GOD_VAISHNAVI;Vaishnavi;Vaishnavi;Vaishnavi;Vaishnavi;Vaishnavi;;;;;;;;;x
GOD_VAIVORA;Vaivora;Vaivora;Vaivora;Vaivora;Vaivora;;;;;;;;;x
GOD_VAKARINE;Vakarine;Vakarine;Vakarine;Vakarine;Vakarine;;;;;;;;;x
GOD_VALLI;Valli;Valli;Valli;Valli;Valli;;;;;;;;;x
GOD_VAMANA;Vamana;Vamana;Vamana;Vamana;Vamana;;;;;;;;;x
GOD_VANAISA;Vanaisa;Vanaisa;Vanaisa;Vanaisa;Vanaisa;;;;;;;;;x
GOD_VANEMUINE;Vanemuine;Vanemuine;Vanemuine;Vanemuine;Vanemuine;;;;;;;;;x
GOD_VARAHA;Varaha;Varaha;Varaha;Varaha;Varaha;;;;;;;;;x
GOD_VARAHI;Varahi;Varahi;Varahi;Varahi;Varahi;;;;;;;;;x
GOD_VARMANPAZ;Varmanpaz;Varmanpaz;Varmanpaz;Varmanpaz;Varmanpaz;;;;;;;;;x
GOD_VARPULIS;Varpulis;Varpulis;Varpulis;Varpulis;Varpulis;;;;;;;;;x
GOD_VARUNA;Varuna;Varuna;Varuna;Varuna;Varuna;;;;;;;;;x
GOD_VASA;Vasa;Vasa;Vasa;Vasa;Vasa;;;;;;;;;x
GOD_VASUKI;Vasuki;Vasuki;Vasuki;Vasuki;Vasuki;;;;;;;;;x
GOD_VAYU;Vayu;Vayu;Vayu;Vayu;Vayu;;;;;;;;;x
GOD_VEDENEMO;Vedenemo;Vedenemo;Vedenemo;Vedenemo;Vedenemo;;;;;;;;;x
GOD_VEDIOVIS;Vediovis;Vediovis;Vediovis;Vediovis;Vediovis;;;;;;;;;x
GOD_VEEHALDJAS;Veehaldjas;Veehaldjas;Veehaldjas;Veehaldjas;Veehaldjas;;;;;;;;;x
GOD_VELLAMO;Vellamo;Vellamo;Vellamo;Vellamo;Vellamo;;;;;;;;;x
GOD_VERNANYINA;Vernanyina;Vernanyina;Vernanyina;;Vernanyina;;;;;;;;;x
GOD_VERPIANCIOJI;Verpiancioji;Verpiancioji;Verpiancioji;Verpiancioji;Verpiancioji;;;;;;;;;x
GOD_VESNA;Vesna;Vesna;Vesna;Vesna;Vesna;;;;;;;;;x
GOD_VETEEMA;Veteema;Veteema;Veteema;Veteema;Veteema;;;;;;;;;x
GOD_VIARDE_SKAI;Viarde Skai;Viarde Skai;Viarde Skai;Viarde Skai;Viarde Skai;;;;;;;;;x
GOD_VIRABHADRA;Virabhadra;Virabhadra;Virabhadra;Virabhadra;Virabhadra;;;;;;;;;x
GOD_VISHVAKARMAN;Vishvakarman;Vishvakarman;Vishvakarman;Vishvakarman;Vishvakarman;;;;;;;;;x
GOD_VISHVAKSENA;Vishvaksena;Vishvaksena;Vishvaksena;Vishvaksena;Vishvaksena;;;;;;;;;x
GOD_VITHOBA;Vithoba;Vithoba;Vithoba;Vithoba;Vithoba;;;;;;;;;x
GOD_VOIPEL';Voipel';Voipel';Voipel';Voipel';Voipel';;;;;;;;;x
GOD_VOLLA;Volla;Volla;Volla;Volla;Volla;;;;;;;;;x
GOD_VORSA;Vorsa;Vorsa;Vorsa;Vorsa;Vorsa;;;;;;;;;x
GOD_VORTUMNUS;Vortumnus;Vortumnus;Vortumnus;Vortumnus;Vortumnus;;;;;;;;;x
GOD_VULCAN;Vulcan;Vulcan;Vulcan;Vulcan;Vulcan;;;;;;;;;x
GOD_WAKA-USH;Waka-ush;Waka-ush;Waka-ush;;Waka-ush;;;;;;;;;x
GOD_WALCHEN_GEKHO;Walchen Gekho;Walchen Gekho;Walchen Gekho;;Walchen Gekho;;;;;;;;;x
GOD_WALSE_NGAMPA;Walse Ngampa;Walse Ngampa;Walse Ngampa;;Walse Ngampa;;;;;;;;;x
GOD_WATATSUMI;Watatsumi;Watatsumi;Watatsumi;;Watatsumi;;;;;;;;;x
GOD_WENCHANGDI;Wenchangdi;Wenchangdi;Wenchangdi;Wenchangdi;Wenchangdi;;;;;;;;;x
GOD_WIOLANT;Wiolant;Wiolant;Wiolant;Wiolant;Wiolant;;;;;;;;;x
GOD_WOLTER;Wolter;Wolter;Wolter;Wolter;Wolter;;;;;;;;;x
GOD_WUOTAN;Wuotan;Wuotan;Wuotan;Wuotan;Wuotan;;;;;;;;;x
GOD_WURT;Wurt;Wurt;Wurt;Wurt;Wurt;;;;;;;;;x
GOD_XANG_XUNG_MERI;Zhang Zhung Meri;Zhang Zhung Meri;Zhang Zhung Meri;;Zhang Zhung Meri;;;;;;;;;x
GOD_XI_WANGMU;Xi Wangmu;Xi Wangmu;Xi Wangmu;Xi Wangmu;Xi Wangmu;;;;;;;;;x
GOD_XOB;Xob;Xob;Xob;Xob;Xob;;;;;;;;;x
GOD_XWA;Xwa;Xwa;Xwa;;Xwa;;;;;;;;;x
GOD_XWM_KAB;Xwm Kab;Xwm Kab;Xwm Kab;Xwm Kab;Xwm Kab;;;;;;;;;x
GOD_YAJ_YUAM;Yaj Yuam;Yaj Yuam;Yaj Yuam;Yaj Yuam;Yaj Yuam;;;;;;;;;x
GOD_YAMA;Yama;Yama;Yama;Yama;Yama;;;;;;;;;x
GOD_YAMI;Yami;Yami;Yami;Yami;Yami;;;;;;;;;x
GOD_YAMUNA;Yamuna;Yamuna;Yamuna;Yamuna;Yamuna;;;;;;;;;x
GOD_YAWM_SAUB;Yawm Saub;Yawm Saub;Yawm Saub;Yawm Saub;Yawm Saub;;;;;;;;;x
GOD_YEONGDEUNGSIN;Yeongdeungsin;Yeongdeungsin;Yeongdeungsin;;Yeongdeungsin;;;;;;;;;x
GOD_YHWH;Yahweh;Yahvé;Jahwe;;Yahweh;;;;;;;;;x
GOD_YOMA;Yoma;Yoma;Yoma;Yoma;Yoma;;;;;;;;;x
GOD_YONGWANG;Yongwang;Yongwang;Yongwang;;Yongwang;;;;;;;;;x
GOD_YSBADDADEN;Ysbaddaden;Ysbaddaden;Ysbaddaden;Ysbaddaden;Ysbaddaden;;;;;;;;;x
GOD_YUEXIA_LAOREN;Yuexia Laoren;Yuexia Laoren;Yuexia Laoren;Yuexia Laoren;Yuexia Laoren;;;;;;;;;x
GOD_YUL-RYEO;Yul-ryeo;Yul-ryeo;Yul-ryeo;;Yul-ryeo;;;;;;;;;x
GOD_YUQING;Yuqing;Yuqing;Yuqing;Yuqing;Yuqing;;;;;;;;;x
GOD_YU_HUANG;Yu Huang;Yu Huang;Yu Huang;Yu Huang;Yu Huang;;;;;;;;;x
GOD_ZAARIN;Zaarin;Zaarin;Zaarin;Zaarin;Zaarin;;;;;;;;;x
GOD_ZADENI;Zadeni;Zadeni;Zadeni;Zadeni;Zadeni;;;;;;;;;x
GOD_ZAJ_LAUG;Zaj Laug;Zaj Laug;Zaj Laug;Zaj Laug;Zaj Laug;;;;;;;;;x
GOD_ZAOSHEN;Zaoshen;Zaoshen;Zaoshen;Zaoshen;Zaoshen;;;;;;;;;x
GOD_ZARIA;Zaria;Zaria;Zaria;Zaria;Zaria;;;;;;;;;x
GOD_ZEME;Zeme;Zeme;Zeme;Zeme;Zeme;;;;;;;;;x
GOD_ZEMYNA;Zemyna;Zemyna;Zemyna;Zemyna;Zemyna;;;;;;;;;x
GOD_ZIEZDRE;Ziezdre;Ziezdre;Ziezdre;Ziezdre;Ziezdre;;;;;;;;;x
GOD_ZIRNITRA;Zirnitra;Zirnitra;Zirnitra;Zirnitra;Zirnitra;;;;;;;;;x
GOD_ZIU;Ziu;Ziu;Ziu;Ziu;Ziu;;;;;;;;;x
GOD_ZIVA;Ziva;Ziva;Ziva;Ziva;Ziva;;;;;;;;;x
GOD_ZONGET;Zonget;Zonget;Zonget;Zonget;Zonget;;;;;;;;;x
GOD_ZYWIE;Zywie;Zywie;Zywie;Zywie;Zywie;;;;;;;;;x
GOD_jUTTA;jutta;jutta;jutta;jutta;jutta;;;;;;;;;x
KANNUSHI;kannushi;kannushi;kannushi;;;;;;;;;x;;
MOPHI;Mophi;Mophi;Mophi;Mophi;Mophi;;;;;;;;;x
NANGA;Nanga;Nanga;Nanga;Nanga;Nanga;;;;;;;;;x
NTXWJ_NYUG;Ntxwj Nyug;Ntxwj Nyug;Ntxwj Nyug;Ntxwj Nyug;Ntxwj Nyug;;;;;;;;;x
NYUJ_VAJ_TUAM_TEEM;Nyuj Vaj Tuam Teem;Nyuj Vaj Tuam Teem;Nyuj Vaj Tuam Teem;Nyuj Vaj Tuam Teem;Nyuj Vaj Tuam Teem;;;;;;;;;x
PROPHET_ALI;Ali;Ali;Ali;Ali;Ali;Ali;Ali;Ali;Ali;Ali;Ali;Ali;Ali;x
PROPHET_MUHAMMAD;Muhammad;Muhammad;Muhammad;Muhammad;Muhammad;Muhammad;Muhammad;Muhammad;Muhammad;Muhammad;Muhammad;Muhammad;Muhammad;x
PROPHET_TALIESIN;Taliesin;Taliesin;Taliesin;Taliesin;Taliesin;;;;;;;;;x
SU;Su;Su;Su;Su;Su;;;;;;;;;x
THE_AGAMAS;The Agamas;Les Agames;Die Agamas;;Los Agamas;;;;;;;;;x
THE_DAOZANG;The Dào Zàng;Le Dào Zàng;Das Dào Zàng;;El Dào Zàng;;;;;;;;;x
THE_IROSETSUDEN;The Irosetsuden;Les Irosetsuden;Die Irosetsuden;;Los Irosetsuden;;;;;;;;;x
THE_KAMUY_YUKAR;The Kamuy Yukar;Les Yukar Kamuy;Die Kamuy Yukar;;Los Yukar Kamuy;;;;;;;;;x
THE_KOJIKI;The Kamuy Yukar;Le Kojiki;Das Kojiki;;El Kojiki;;;;;;;;;x
THE_PHRA;The Phra;The Phra;The Phra;The Phra;The Phra;;;;;;;;;x
THE_SAMGUK_YUSA;The Samguk Yusa;La Samguk Yusa;Die Samguk Yusa;;Le Samguk Yusa;;;;;;;;;x
THE_SUTRAS;The Sutras;Les Soutras;Die Sutras;;Los Sutras;;;;;;;;;x
THE_TANTRAS;The Tantras;Les Tantras;Die Tantras;;Los Tantras;;;;;;;;;x
THE_THAN_TRUYEN;The Than Truyen;The Than Truyen;The Than Truyen;The Than Truyen;The Than Truyen;;;;;;;;;x
THE_TRIPITAKA;The Tripitaka;Le Tripitaka;Die Tripitaka;;El Tripitaka;;;;;;;;;x
THE_ZHIGUAI;The Zhiguai;Les Zhiguai;Die Zhiguai;;Los Zhiguai;;;;;;;;;x
THE_ZIMWI;The Zimwi;The Zimwi;The Zimwi;The Zimwi;The Zimwi;;;;;;;;;x
TXIV_NEEB;Txiv Neeb;Txiv Neeb;Txiv Neeb;Txiv Neeb;Txiv Neeb;;;;;;;;;x
UM;Um;Um;Um;Um;Um;;;;;;;;;x
WU;Wu;Wu;Wu;Wu;Wu;;;;;;;;;x
XIAO;Xiao;Xiao;Xiao;Xiao;Xiao;;;;;;;;;x
YAN_WANG;Yan Wang;Yan Wang;Yan Wang;Yan Wang;Yan Wang;;;;;;;;;x
YEOMRA;Yeomra;Yeomra;Yeomra;Yeomra;Yeomra;;;;;;;;;x