#CODE;ENGLISH;FRENCH;GERMAN;;SPANISH;;;;;;;;;;;;;x
#;;;;;;;;;;;;;;x
###TITLE NAMES###;;;;;;;;;;;;;;x
PATRIARCH_IN_THE_EAST;Patriarch of the East;;;;;;;;x
PROV32;Londinium;Londinium;Londinium;;Londinium;;;;;;;;;x
PROV53;Rheged;Rheged;Rheged;;Rheged;;;;;;;;;x
PROV66;Viroconium;Viroconium;Viroconium;;Viroconium;;;;;;;;;x
PROV149;Burdigala;;;;;;;;;;;;;x
PROV299;Prophthasia;;;;;;;;;;;;;x
PROV338;Rhegium;Rhegium;Rhegium;;Rhegium;;;;;;;;;x
PROV351;Vestfold;;;;;;;;;;;;;x
PROV378;Satakunta;;;;;;;;;;;;;x
PROV461;Segestica;;;;;;;;;;;;;x
PROV467;Salona;;;;;;;;;;;;;x
PROV468;Sopianæ;;;;;;;;;;;;;x
PROV472;Épeiros;;;;;;;;;;;;;x
PROV473;Acarnania;;;;;;;;;;;;;x
PROV474;Kephallenia;;;;;;;;;;;;;x
PROV475;Aetolia;;;;;;;;;;;;;x
PROV476;Akhaïa;;;;;;;;;;;;;x
PROV477;Mothone;;;;;;;;;;;;;x
PROV478;Lacedaemon;;;;;;;;;;;;;x
PROV481;Kórinthos;;;;;;;;;;;;;x
PROV482;Attiké;;;;;;;;;;;;;x
PROV496;Konstantinoúpolis;;;;;;;;;;;;;x
PROV519;Zarmizegethusa;;;;;;;;;;;;;x
PROV522;Contraquincum;;;;;;;;;;;;;x
PROV559;Taurica;;;;;;;;;;;;;x
PROV564;Mikrotanais;;;;;;;;;;;;;x
PROV581;Moramar;;;;;;;;;;;;;x
PROV582;Valdamarr;;;;;;;;;;;;;x
PROV584;Ráðstofa;;;;;;;;;;;;;x
PROV598;Phanagoria;;;;;;;;;;;;;x
PROV610;Magyarvidék;;;;;;;;;;;;;x
PROV611;Bulgar;;;;;;;;;;;;;x
PROV626;Kheyvak;;;;;;;;;;;;;x
PROV627;Garagum;;;;;;;;;;;;;x
PROV628;Buxarak;;;;;;;;;;;;;x
PROV629;Nisa;;;;;;;;;;;;;x
PROV630;Margiana;;;;;;;;;;;;;x
PROV632;Xwarasan;;;;;;;;;;;;;x
PROV633;Verkâna;;;;;;;;;;;;;x
PROV634;Abarshahr;;;;;;;;;;;;;x
PROV635;Dašt-e Gawir;;;;;;;;;;;;;x
PROV636;Beihagh;;;;;;;;;;;;;x
PROV637;Arya;;;;;;;;;;;;;x
PROV638;Yazd;;;;;;;;;;;;;x
PROV639;Behdesir;;;;;;;;;;;;;x
PROV640;Sabzawaran;;;;;;;;;;;;;x
PROV642;Konj;;;;;;;;;;;;;x
PROV643;Laristan;;;;;;;;;;;;;x
PROV644;Pârsa;;;;;;;;;;;;;x
PROV646;Spahân;;;;;;;;;;;;;x
PROV650;Kadhima;;;;;;;;;;;;;x
PROV654;Ar-Rummah;;;;;;;;;;;;;x
PROV656;Idigna;;;;;;;;;;;;;x
PROV657;Khuzistan;;;;;;;;;;;;;x
PROV658;Hagmatana;;;;;;;;;;;;;x
PROV659;Kum;;;;;;;;;;;;;x
PROV660;Seman;;;;;;;;;;;;;x
PROV661;Amol;;;;;;;;;;;;;x
PROV662;Mazerun;;;;;;;;;;;;;x
PROV663;Arsakia Rhagae;;;;;;;;;;;;;x
PROV664;Shad Shahpur;;;;;;;;;;;;;x
PROV666;Anzali;;;;;;;;;;;;;x
PROV667;Atropatkan;;;;;;;;;;;;;x
PROV677;Lazika;;;;;;;;;;;;;x
PROV678;Trapezounda;;;;;;;;;;;;;x
PROV679;Tashir;;;;;;;;;;;;;x
PROV680;Ani;;;;;;;;;;;;;x
PROV681;Taochoi;;;;;;;;;;;;;x
PROV682;Mardistan;;;;;;;;;;;;;x
PROV683;Biaina;;;;;;;;;;;;;x
PROV684;Nisibis;;;;;;;;;;;;;x
PROV685;Urmiye;;;;;;;;;;;;;x
PROV686;Ganzak;;;;;;;;;;;;;x
PROV687;Kirkheni;;;;;;;;;;;;;x
PROV688;Kirmanshah;;;;;;;;;;;;;x
PROV689;Alamto;;;;;;;;;;;;;x
PROV690;Al-Qadisiyah;;;;;;;;;;;;;x
PROV691;Jabal Qufs;;Jabal Qufs;;;;;;;;;;;x
PROV694;Al-'Anbar;;;;;;;;;;;;;x
PROV697;Nînewe;;;;;;;;;;;;;x
PROV698;Kallinikos;;;;;;;;;;;;;x
PROV701;Manzikert;;;;;;;;;;;;;x
PROV702;Mousilikes;;;;;;;;;;;;;x
PROV708;Carchemish;;;;;;;;;;;;;x
PROV709;Kallinikos;;;;;;;;;;;;;x
PROV710;Al Kawm;;;;;;;;;;;;;x
PROV711;Dura-Europos;;;;;;;;;;;;;x
PROV712;As-Saffah;;;;;;;;;;;;;x
PROV713;Ad-Darazi;;;;;;;;;;;;;x
PROV714;Ruwaished;;;;;;;;;;;;;x
PROV715;Daylam;;;;;;;;;;;;;x
PROV717;Ar-Rajajil;;;;;;;;;;;;;x
PROV720;Tihamat al-Hejaz;;;;;;;;;;;;;x
PROV722;Al-'Aqabah;;;;;;;;;;;;;x
PROV724;Rabbath Ammon;;;;;;;;;;;;;x
PROV725;Arabella;;;;;;;;;;;;;x
PROV726;Ash-Sham;;;;;;;;;;;;;x
PROV728;Al-Mafraq;;;;;;;;;;;;;x
PROV733;Beroea;;;;;;;;;;;;;x
PROV735;Pyramos;;;;;;;;;;;;;x
PROV737;Caesarea;;;;;;;;;;;;;x
PROV746;Tabouk;;;;;;;;;;;;;x
PROV752;Hattuša;;;;;;;;;;;;;x
PROV759;Ikónion;;;;;;;;;;;;;x
PROV760;Mokissos;;;;;;;;;;;;;x
PROV761;Kilikia;;;;;;;;;;;;;x
PROV769;Damascus;;;;;;;;;;;;;x
PROV770;Laodicea in Phoenicia;;;;;;;;;;;;;x
PROV771;Týros;;;;;;;;;;;;;x
PROV777;Areopolis;;;;;;;;;;;;;x
PROV778;Sela;;;;;;;;;;;;;x
PROV782;Petra;;;;;;;;;;;;;x
PROV783;Ma'in;;;;;;;;;;;;;x
PROV784;Al-'Aqabah;;;;;;;;;;;;;x
PROV852;Pura;;;;;;;;;;;;;x
PROV853;Bampur;;;;;;;;;;;;;x
PROV867;Jiddat al-Harasis;;;;;;;;;;;;;x
PROV868;Masqat;;;;;;;;;;;;;x
PROV869;Sohar;;;;;;;;;;;;;x
PROV870;Dubayy;;;;;;;;;;;;;x
PROV902;Qyzylqum;;;;;;;;;;;;;x
PROV903;Marakanda;;;;;;;;;;;;;x
PROV906;Alexandria Ariana;;;;;;;;;;;;;x
PROV907;Haraiva;;;;;;;;;;;;;x
PROV1139;Gwadar;;;;;;;;;;;;;x
PROV1181;Panchekanth;;;;;;;;;;;;;x
PROV1183;Arakhosia;;;;;;;;;;;;;x
PROV1186;Simkent;;;;;;;;;;;;;x
PROV1275;Zranka;;;;;;;;;;;;;x
PROV1378;Xvairizem;;;;;;;;;;;;;x
PROV1530;'Ar'ar;;;;;;;;;;;;;x
PROV1537;T'awreš;;;;;;;;;;;;;x
PROV1545;Nautaca;;;;;;;;;;;;;x
PROV1789;G'ijduvon;;;;;;;;;;;;;x
PROV1791;Gurganj;;;;;;;;;;;;;x
PROV1886;Dyrrhachion;;;;;;;;;;;;;x
PROV4052;Al-Nasiryah;;;;;;;;;;;;;x
PROV4053;Turaif;;;;;;;;;;;;;x
##Baronies##
b_abhar;Abhar;Abhar;Abhar;;Abhar;;;;;;;;;;;;;x
b_abu_kamal2;Abu Kamal;;;;;;;;;;;;;x
b_abyaneh;Abyaneh;Abyaneh;Abyaneh;;Abyaneh;;;;;;;;;;;;;x
b_adra2;Adra;;;;;;;;;;;;;x
b_afrasiyab;Sang-e Ariamazes;Sang-e Ariamazes;Sang-e Ariamazes;;Sang-e Ariamazes;;;;;;;;;;;;;x
b_ahar;Ahar;Ahar;Ahar;;Ahar;;;;;;;;;;;;;x
b_ainelberd2;Ainelberd;;;;;;;;;;;;;x
b_ainzia2;Ainzia;;;;;;;;;;;;;x
b_akara;Akara;Akara;Akara;Akara;Akara;Akara;Akara;Akara;Akara;Akara;Akara;Akara;Akara;x
b_al_kawm;Al Kawm;;;;;;;;;;;;;;x
b_alamut;Alamut;Alamout;Alamut;;Alamut;;;;;;;;;;;;;x
b_aleppo;Aleppo;Alep;Aleppo;;Alepo;;;;;;;;;;;;;x
b_alexandriaoxiana;Alexandria Oxiana;Alexandria Oxiana;Alexandria Oxiana;;Alexandria Oxiana;;;;;;;;;;;;;x
b_alhamra;Al Hamra;Al Hamra;Al Hamra;;Al Hamra;;;;;;;;;;;;;x
b_alhuwaysis;Al-Huwaysis;Al-Huwaysis;Al-Huwaysis;;Al-Huwaysis;;;;;;;;;;;;;x
b_alqasr;Al-Qasr;Al-Qasr;Al-Qasr;;Al-Qasr;;;;;;;;;;;;;x
b_amrah2;Amrah;;;;;;;;;;;;;x
b_arak;Arak;Arak;Arak;;Arak;;;;;;;;;;;;;x
b_ardestan;Ardestan;Ardestan;Ardestan;;Ardestan;;;;;;;;;;;;;x
b_arraml;Ar-Raml;Ar-Raml;Ar-Raml;;Ar-Raml;;;;;;;;;;;;;x
b_arwad;Arwad;;;;;;;;;;;;;;;;;x
b_as_sukhnah;As Sukhnah;;;;;;;;;;;;;;x
b_asadabad;Asadabad;Asadabad;Asadabad;;Asadabad;;;;;;;;;;;;;x
b_asas2;Asas;;;;;;;;;;;;;x
b_asas3;Asas;;;;;;;;;;;;;x
b_ash_sholah;Ash Sholah;;;;;;;;;;;;;;x
b_asha_pura;Asha Pura;Asha Pura;Asha Pura;Asha Pura;Asha Pura;Asha Pura;Asha Pura;Asha Pura;Asha Pura;Asha Pura;Asha Pura;Asha Pura;Asha Pura;x
b_astara;Astara;Astara;Astara;;Astara;;;;;;;;;;;;;x
b_atajab;Atajab;Atajab;Atajab;;Atajab;;;;;;;;;;;;;x
b_azaz;A'zaz;Azaz;Azaz;;Azaz;;;;;;;;;;;;;x
b_babak;Babak;Babak;Babak;;Babak;;;;;;;;;;;;;x
b_baly2;Baly;;;;;;;;;;;;;x
b_bara2;Bara;;;;;;;;;;;;;x
b_bara;Bara;Bara;Bara;;Bara;;;;;;;;;;;;;x
b_bayramaly;Mele Hairam;Mele Hairam;Mele Hairam;;Mele Hairam;;;;;;;;;;;;;x
b_bazarcheh;Bazarcheh;Bazarcheh;Bazarcheh;Bazarcheh;Bazarcheh;Bazarcheh;Bazarcheh;Bazarcheh;Bazarcheh;Bazarcheh;Bazarcheh;Bazarcheh;Bazarcheh;x
b_bechar2;Béchar;;;;;;;;;;;x
b_bechar3;Béchar;;;;;;;;;;;x
b_bechar4;Béchar;;;;;;;;;;;x
b_bechar5;Béchar;;;;;;;;;;;x
b_bechar6;Béchar;;;;;;;;;;;x
b_bechar7;Béchar;;;;;;;;;;;x
b_begram;Begram;Begram;Begram;;Begram;;;;;;;;;;;;;x
b_belen;Belen;;;;;;;;;;;;;;;;;x
b_beneldir2;Beneldir;;;;;;;;;;;;;x
b_beruni;Beruni;Beruni;Beruni;;Beruni;;;;;;;;;;;;;x
b_bichri2;Bichri;;;;;;;;;;;;;x
b_bir_abu_amyat;Bir Abu 'Amyat;;;;;;;;;;;;;x
b_birtha;Birtha;Birtha;Birtha;;Birtha;;;;;;;;;;;;;x
b_bordjelcaid2;Bordjelcaid;;;;;;;;;;;;;x
b_bsharri;Bsharri;;;;;;;;;;;;;;;;;x
b_buraq2;Buraq;;;;;;;;;;;;;x
b_burgh;Luguvalion;;;;;;;;;;;;;x
b_chatti;Chatti;Chatti;Chatti;Chatti;Chatti;Chatti;Chatti;Chatti;Chatti;Chatti;Chatti;Chatti;Chatti;x
b_chawnay;Chawnay;Chawnay;Chawnay;Chawnay;Chawnay;Chawnay;Chawnay;Chawnay;Chawnay;Chawnay;Chawnay;Chawnay;Chawnay;x
b_chekka;Chekka;;;;;;;;;;;;;;;;;x
b_chineh;Chineh;Chineh;Chineh;Chineh;Chineh;Chineh;Chineh;Chineh;Chineh;Chineh;Chineh;Chineh;Chineh;x
b_chishti;Chishti;Chishti;Chishti;;Chishti;;;;;;;;;;;;;x
b_dailam;Dailam;Daylam;Dailam;;Dailam;;;;;;;;;;;;;x
b_dalverzintepe;Dal'verzin Tepe;Dal’verzin Tepe;Dal'verzin Tepe;;Dal'verzin Tepe;;;;;;;;;;;;;x
b_dand;Dand;Dand;Dand;Dand;Dand;Dand;Dand;Dand;Dand;Dand;Dand;Dand;Dand;x
b_darvaza;Gurganj;Gurganj;Gurganj;;Gurganj;;;;;;;;;;;;;x
b_dehkheshk;Dehkheshk;Dehkheshk;Dehkheshk;Dehkheshk;Dehkheshk;Dehkheshk;Dehkheshk;Dehkheshk;Dehkheshk;Dehkheshk;Dehkheshk;Dehkheshk;Dehkheshk;x
b_deiralzur2;Deiralzur;;;;;;;;;;;;;x
b_dhiqar2;Dehiqar;;;;;;;;;;;;;x
b_digoine2;Digoine;;;;;;;;;;;;;x
b_door_ghattee;Door Ghattee;Door Ghattee;Door Ghattee;Door Ghattee;Door Ghattee;Door Ghattee;Door Ghattee;Door Ghattee;Door Ghattee;Door Ghattee;Door Ghattee;Door Ghattee;Door Ghattee;x
b_dumayr;Dumayr;;;;;;;;;;;;;;;;;x
b_ebla;Ebla;;;;;;;;;;;;;x
b_ecbatana;Ecbatana;Ecbatane;Ecbatana;;Ecbatana;;;;;;;;;;;;;x
b_esfahan;Spahân;Spahân;Spahân;;Spahân;;;;;;;;;;;;;x
b_eucratideia;Eucratideia;Eucratideia;Eucratideia;;Eucratideia;;;;;;;;;;;;;x
b_farsi;Pârsi;Pârsi;Pârsi;;Pârsi;;;;;;;;;;;;;x
b_ganjnameh;Ganjnameh;Ganj Nameh;Ganjnameh;;Ganjnameh;;;;;;;;;;;;;x
b_gdyel2;Gdyel;;;;;;;;;;;;;x
b_gheydar;Gheydar;Gheydar;Gheydar;;Gheydar;;;;;;;;;;;;;x
b_gilan;Gilan;Gilan;Gilan;;Gilan;;;;;;;;;;;;;x
b_gulanly;Gulanly;Gulanly;Gulanly;;Gulanly;;;;;;;;;;;;;x
b_gulran;Gulran;Gulran;Gulran;;Gulran;;;;;;;;;;;;;x
b_gwadar;Gwadar;Gwadar;Gwadar;Gwadar;Gwadar;Gwadar;Gwadar;Gwadar;Gwadar;Gwadar;Gwadar;Gwadar;Gwadar;x
b_hama2;Hama;;;;;;;;;;;;;x
b_hama3;Hama;;;;;;;;;;;x
b_hamadan;Hagmatana;Hagmatana;Hagmatana;;Hagmatana;;;;;;;;;;;;;x
b_haran;Haran;Haran;Haran;;Haran;;;;;;;;;;;;;x
b_harim;Harem;Harim;Harim;;Harim;;;;;;;;;;;;;x
b_hayjanah2;Hayjanah;;;;;;;;;;;;;x
b_herat;Herat;Hérat;Herat;;Herat;;;;;;;;;;;;;x
b_hermel;Hermel;;;;;;;;;;;;;;;;;x
b_ibri;Ibri;Ibri;Ibri;;Ibri;;;;;;;;;;;;;x
b_ishtikhon;Ishtikhon;Ishtikhon;Ishtikhon;;Ishtikhon;;;;;;;;;;;;;x
b_jableh;Jableh;;;;;;;;;;;;;;;;;x
b_jabrin;Jabrin;Jabrin;Jabrin;;Jabrin;;;;;;;;;;;;;x
b_jarba2;Jarba;;;;;;;;;;;;;x
b_jihar;Jihar;Jihar;Jihar;;Jihar;;;;;;;;;;;;;x
b_jonc2;Jonc;;;;;;;;;;;;;x
b_kabudrahang;Kabudrahang;Kabudar Ahang;Kabudrahang;;Kabudrahang;;;;;;;;;;;;;x
b_kallinikos2;Kallinikos;;;;;;;;;;;;;x
b_kallinikos3;Kallinikos;;;;;;;;;;;;;x
b_kandahar;Alexandria Arakhosia;Alexandria Arakhosia;Alexandria Arakhosia;Alexandria Arakhosia;Alexandria Arakhosia;Alexandria Arakhosia;Alexandria Arakhosia;Alexandria Arakhosia;Alexandria Arakhosia;Alexandria Arakhosia;Alexandria Arakhosia;Alexandria Arakhosia;Alexandria Arakhosia;x
b_karukh;Karukh;Karukh;Karuch;;Karukh;;;;;;;;;;;;;x
b_karz_e_solfa;Karz-e-Solfa;Karz-e-Solfa;Karz-e-Solfa;Karz-e-Solfa;Karz-e-Solfa;Karz-e-Solfa;Karz-e-Solfa;Karz-e-Solfa;Karz-e-Solfa;Karz-e-Solfa;Karz-e-Solfa;Karz-e-Solfa;Karz-e-Solfa;x
b_kashan;Kashan;Kashan;Kashan;;Kashan;;;;;;;;;;;;;x
b_khansar;Khansar;Khonsar;Khansar;;Khansar;;;;;;;;;;;;;x
b_kharsan2;Kharsan;;;;;;;;;;;;;x
b_kharsan;Kharsan;Kharsan;Kharsan;;Kharsan;;;;;;;;;;;;;x
b_khirbat;Khirbat;Khirbat;Khirbat;;Khirbat;;;;;;;;;;;;;x
b_khirbet_el_bilaas;Kirbet el Bilaas;;;;;;;;;;;;;x
b_kizketken;Kizketken;Kizketken;Kisketken;;Kizketken;;;;;;;;;;;;;x
b_koshrabot;Koshrabot;Koshrabot;Koschrabot;;Koshrabot;;;;;;;;;;;;;x
b_kumidi;Kumidi;;;;;;;;;;;;;;;;;x
b_kunduz;Kunduz;Kunduz;Kunduz;;Kunduz;;;;;;;;;;;;;x
b_kushk;Kushk;Kushk;Kuschk;;Kushk;;;;;;;;;;;;;x
b_kushka;Kushka;Kushka;Kuschka;;Kushka;;;;;;;;;;;;;x
b_kuskupir;Kuskupir;Kuskupir;Kuskupir;;Kuskupir;;;;;;;;;;;;;x
b_lahijan;Lahijan;Lahijan;Lahidschan;;Lahijan;;;;;;;;;;;;;x
b_laish;Laish;Laish;Laish;;Laish;;;;;;;;;;;;;x
b_lerminet;L'Erminet;L'Erminet;L'Erminet;;L'Erminet;;;;;;;;;;;;;x
b_luy_karezak;Luy Karezak;Luy Karezak;Luy Karezak;Luy Karezak;Luy Karezak;Luy Karezak;Luy Karezak;Luy Karezak;Luy Karezak;Luy Karezak;Luy Karezak;Luy Karezak;Luy Karezak;x
b_lycksele;Lycksele;Lycksele;Lycksele;;Lycksele;;;;;;;;;;;;;x
b_maaratannuman;Ma'arat al-Nu'man;Ma'arat An Numan;Ma'arat an Numan;;Ma'arat an Numan;;;;;;;;;;;;;x
b_mahneshan;Mahneshan;Mahneshan;Mahneschischer;;Mahneshan;;;;;;;;;;;;;x
b_malayer;Malayer;Malayer;Malayer;;Malayer;;;;;;;;;;;;;x
b_maragheh;Maragheh;Maragha;Maragheh;;Maragheh;;;;;;;;;;;;;x
b_masouleh;Masouleh;Masouleh;Masouleh;;Masouleh;;;;;;;;;;;;;x
b_masruq;Masruq;Masruq;Masruq;;Masruq;;;;;;;;;;;;;x
b_mayadin2;Mayadin;;;;;;;;;;;;;x
b_meer_gurab;Meer Gurab;Meer Gurab;Meer Gurab;Meer Gurab;Meer Gurab;Meer Gurab;Meer Gurab;Meer Gurab;Meer Gurab;Meer Gurab;Meer Gurab;Meer Gurab;Meer Gurab;x
b_merselhadjad2;Merselhadjad;;;;;;;;;;;;;x
b_merv;Merv;Merv;Merv;;Merv;;;;;;;;;;;;;x
b_mhaymidah2;Mhaymidah;;;;;;;;;;;;;x
b_miyaneh;Miyaneh;Miyaneh;Miyaneh;;Miyaneh;;;;;;;;;;;;;x
b_montstvincen2;Montsvincen;;;;;;;;;;;;;x
b_msila2;Msila;;;;;;;;;;;;;x
b_mt_hermon;Mt. Hermon;;;;;;;;;;;;;;;;;x
b_mukayyar2;Mukayyar;;;;;;;;;;;;;x
b_muntafiq2;Mutanfiq;;;;;;;;;;;;;x
b_nahavand;Nahavand;Nahavand;Nahavand;;Nahavand;;;;;;;;;;;;;x
b_nasiryah2;Nasiryah;;;;;;;;;;;;;x
b_navavihara;Nava Hivara;Nava Hivara;Nava Hivara;;Nava Hivara;;;;;;;;;;;;;x
b_nizwa;Nizwa;Nizwa;Nizwa;;Nizwa;;;;;;;;;;;;;x
b_nukus;Nukus;Noukous;Nukus;;Nukus;;;;;;;;;;;;;x
b_obe;Obe;Obe;Obe;;Obe;;;;;;;;;;;;;x
b_ormara;Ormara;Ormara;Ormara;Ormara;Ormara;Ormara;Ormara;Ormara;Ormara;Ormara;Ormara;Ormara;Ormara;x
b_osrhoene2;Osrhoene;;;;;;;;;;;;;x
b_otaybah2;Otaybah;;;;;;;;;;;;;x
b_oxiana;Oxiana;Oxiana;Oxiana;;Oxiana;;;;;;;;;;;;;x
b_palmyra;Palmyra;Palmyre;Palmyra;;Palmyra;;;;;;;;;;;;;x
b_palmyra_aleppo2;Palmyra;;;;;;;;;;;x
b_palmyra_aleppo;Palmyra;;;;;;;;;;;x
b_paray2;Paray;;;;;;;;;;;;;x
b_parsiab;Parsîâb;Parsîâb;Parsîâb;;Parsîâb;;;;;;;;;;;;;x
b_pasni;Pasni;Pasni;Pasni;Pasni;Pasni;Pasni;Pasni;Pasni;Pasni;Pasni;Pasni;Pasni;Pasni;x
b_perrecy2;Perrecy;;;;;;;;;;;;;x
b_qalatsukkar2;Qalatsukkar;;;;;;;;;;;;;x
b_qarqar2;Qarqar;;;;;;;;;;;;;x
b_qarqar;Qarqar;Qarqar;Qarqar;;Qarqar;;;;;;;;;;;;;x
b_qasa_al_hayr;Qasa al Hayr;;;;;;;;;;;;;x
b_qasmiye2;Qasmiye;;;;;;;;;;;;;x
b_qazan;Bulgar;Bulgarie;Bulgarien;;Bulgar;;;;;;;;;;;;;x
b_qomsheh;Qomsheh;Qomsheh;Qomsheh;;Qomsheh;;;;;;;;;;;;;x
b_qusayr;Qusayr;Qusayr;Qusayr;;Qusayr;;;;;;;;;;;;;x
b_rasht;Rasht;Rasht;Rasht;;Rasht;;;;;;;;;;;;;x
b_resafa2;Resafa;;;;;;;;;;;;;x
b_resafa3;Resafa;;;;;;;;;;;;;x
b_roudavar;Roud Avar;Roud Avar;Roud Avar;;Roud Avar;;;;;;;;;;;;;x
b_roumana2;Roumana;;;;;;;;;;;;;x
b_rudbar;Rudbar;Roodbar;Rudbar;;Rudbar;;;;;;;;;;;;;x
b_rudkhan;Rudkhan;Rudkhan;Rudkhan;;Rudkhan;;;;;;;;;;;;;x
b_rustaq;Rustaq;Rustaq;Rustaq;;Rustaq;;;;;;;;;;;;;x
b_sakarcage;Sakarçäge;Sakarçäge;Sakarçäge;;Sakarçäge;;;;;;;;;;;;;x
b_salamiyah2;Salamiyah;;;;;;;;;;;;;x
b_salamiyah;Salamiyah;Salamiyah;Salamijah;;Salamiyah;;;;;;;;;;;;;x
b_salqin;Salqin;;;;;;;;;;;;;;;;;x
b_samarkand;Marakanda;Marakanda;Marakanda;;Marakanda;;;;;;;;;;;;;x
b_sarab;Sarab;Sarab;Sarab;;Sarab;;;;;;;;;;;;;x
b_sarmin;Sarmin;Sarmin;Sarmin;;Sarmin;;;;;;;;;;;;;x
b_sedeh;Sedeh;Sedeh;Sedeh;;Sedeh;;;;;;;;;;;;;x
b_serjilla2;Serjilla Castle;;;;;;;;;;;;;x
b_serjilla;Serjilla;Serjilla;Serjilla;;Serjilla;;;;;;;;;;;;;x
b_shabestar;Shabestar;Shabestar;Shabestar;;Shabestar;;;;;;;;;;;;;x
b_shahrain2;Shahrain;;;;;;;;;;;;;x
b_shamiyya2;Shamiyya;;;;;;;;;;;;;x
b_shatra2;Shatra;;;;;;;;;;;;;x
b_sidiheg2;Sidiheg;;;;;;;;;;;;;x
b_sidinhar2;Sidinhar;;;;;;;;;;;;;x
b_sirhi2;Sirhi;;;;;;;;;;;;;x
b_soltaniyeh;Zanjan;Zanjan;Zanjan;;Zanjan;;;;;;;;;;;;;x
b_souriya2;Souriya;;;;;;;;;;;;;x
b_souriya3;Souriya;;;;;;;;;;;;;x
b_spoleto;Spoleto;Spolète;Spoleto;;Spoleto;;;;;;;;;;;;;x
b_sumanay;Sumanay;Sumanay;Sumanay;;Sumanay;;;;;;;;;;;;;x
b_surkhkotal;Surkh Kotal;Surkh Kotal;Surkh Kotal;;Surkh Kotal;;;;;;;;;;;;;x
b_syracusa;Syracusa;Syracuse;Syrakus;;Siracusa;;;;;;;;;;;;;x
b_tabriz;Tabriz;Tabriz;Tabris;;Tabriz;;;;;;;;;;;;;x
b_tagtabazar;Tagtabazar;Tagtabazar;Tagtabasar;;Tagtabazar;;;;;;;;;;;;;x
b_tahta;Tahta;Tahta;Tahta;;Tahta;;;;;;;;;;;;;x
b_talabyad2;Talabyad;;;;;;;;;;;;;x
b_talabyad3;Talabyad;;;;;;;;;;;;;x
b_talysh;Talysh;Talysh;Talisch;;Talysh;;;;;;;;;;;;;x
b_tamiat2;Tamiat;;;;;;;;;;;x
b_tamiat3;Tamiat;;;;;;;;;;;x
b_tamiat4;Tamiat;;;;;;;;;;;x
b_tamiat5;Tamiat;;;;;;;;;;;x
b_tamiat;Tamiat;;;;;;;;;;;x
b_tarmis;Tarmis;Tarmis;Tarmis;;Tarmis;;;;;;;;;;;;;x
b_tarom;Tarom;Tarom;Tarom;;Tarom;;;;;;;;;;;;;x
b_telloh2;Telloh;;;;;;;;;;;;;x
b_tiace;Tiace;Tiace; Tiace;; Tiace;;;;;;;;;;;;;x
b_tiliatepe;Tilia Tepe;Tilia Tepe;Tilia Tepe;;Tilia Tepe;;;;;;;;;;;;;x
b_toulonsurarrou2;Toulonsurraou;;;;;;;;;;;;;x
b_tripoli;Tripoli;;;;;;;;;;;;;;;;;x
b_tubirett2;Tubirret;;;;;;;;;;;;;x
b_tver;Truvor;;;;;;;;;;;;;x
b_urgut;Urgut;Urgut;Urgut;;Urgut;;;;;;;;;;;;;x
b_vidin;Vidin;Vidin;Widin;;Vidin;;;;;;;;;;;;;x
b_wekilbazar;Wekilbazar;Wekilbazar;Wekilbasar;;Wekilbazar;;;;;;;;;;;;;x
b_yammoune;Yammoune;;;;;;;;;;;;;;;;;x
b_yanqui;Yanqui;Yanqui;Yanqui;;Yanqui;;;;;;;;;;;;;x
b_yayladagi;Yayladagi;;;;;;;;;;;;;;;;;x
b_yoloten;Yolöten;Yolöten;Jolöten;;Yolöten;;;;;;;;;;;;;x
b_zaazouaa2;Zaazoûaa;;;;;;;;;;;;;x
b_zaazouaa3;Zaazoûaa;;;;;;;;;;;;;x
b_zahhak;Zahhak;Zahhak;Zahhak;;Zahhak;;;;;;;;;;;;;x
b_zanjan;Alamut;Alamut;Alamut;;Alamut;;;;;;;;;;;;;x
b_zarghun;Zarghun;Zarghun;Zarghun;;Zarghun;;;;;;;;;;;;;x
b_zarrinshahr;Zarrinshahr;Zarrinshahr;Zarrinshahr;;Zarrinshahr;;;;;;;;;;;;;x
##Counties##
b_ziadin;Ziadin;Ziadin;Ziadin;;Ziadin;;;;;;;;;;;;;x
c_al_bichri_aleppo;Al Kawm;;;;;;;;;;;;;;x
c_al_bichri_aleppo_adj;Al Kawmi;;;;;;;;;;;;;;x
c_al_habbariyah_adj;Al Habbariyahian;Al Habbariyahiane;Al Habbarijah-;;Al Habbariyanés;;;;;;;;;;;;;x
c_al_nasiryah_tigris;Al-Nasiryah;Al-Nasiryah;Al-Nasiryah;Al-Nasiryah;Al-Nasiryah;Al-Nasiryah;Al-Nasiryah;Al-Nasiryah;Al-Nasiryah;Al-Nasiryah;Al-Nasiryah;Al-Nasiryah;Al-Nasiryah;x
c_al_nasiryah_tigris_adj;Al-Nasiryan;;;;;;;;;;;;;;x
c_aleppo_adj;Aleppan;Aleppine;Aleppischer;;Alepponiano;;;;;;;;;;;;;x
c_balkh_adj;Baktrian;Baktrian;Baktrian;;Baktrian;;;;;;;;;;;;;x
c_burtasy_adj;Burtasyan;Burtasyan;Burtasyan;;Burtasyanés;;;;;;;;;;;;;x
c_cumberland;Rheged;;;;;;;;;;;;;x
c_cumberland_adj;Rhegedan;;;;;;;;;;;;;x
c_dailam_adj;Dailamian;Daylamite;Dailamischer;;Dailamianés;;;;;;;;;;;;;x
c_demetrias_adj;Magnesian;;;;;;;;;;;;;x
c_desht-i-kipchak_adj;Desht-i-Kipchakian;Deshti-Kiptchakienne;Descht-i-Kiptschaker;;Deshtikipchakí;;;;;;;;;;;;;x
c_devon;Dumnonia;;;;;;;;;;;;;x
c_devon_adj;Dumnonii;;;;;;;;;;;;;x
c_esfahan_adj;Spahâni;;;;;;;;;;;;;;;;;x
c_galatia_adj;Galatian;;;;;;;;;;;;;x
c_gilan_adj;Gilanian;Gilani;Gilanischer;;Gilaní;;;;;;;;;;;;;x
c_gwadar_adj;Gwadari;Gwadari;Gwadari;Gwadari;Gwadari;Gwadari;Gwadari;Gwadari;Gwadari;Gwadari;Gwadari;Gwadari;Gwadari;x
c_hajar_adj;Hajarian;Hajariane;Hajarischer;;Hajariano;;;;;;;;;;;;;x
c_hamadan_adj;Hagmatani;Hagmatani;Hagmatani;;Hagmatani;;;;;;;;;;;;;x,,,,,,,, ,,,
c_herat_adj;Haraiva;;;;;;;;;;;;;;;;;x
c_kandahar_adj;Arakhosian;Arakhosian;Arakhosian;Arakhosian;Arakhosian;Arakhosian;Arakhosian;Arakhosian;Arakhosian;Arakhosian;Arakhosian;Arakhosian;Arakhosian;x
c_kaneia_adj;Kaneian;Kanéienne;Kaneisch;;Kaneiano;;;;;;;;;;;;;x
c_khorasan_adj;Xwarasani;;;;;;;;;;;;;x
c_lappland_adj;Lapplander;Laponne;Lappe;;Lapón;;;;;;;;;;;;;x
c_londinium;Londinium;;;;;;;;;;;;;x
c_maverannahr_adj;Gurganji;;;;;;;;;;;;;;;;;x
c_merv_adj;Margianan;;;;;;;;;;;;;;;;;x
c_monemvasia_adj;Lacedaemonian;;;;;;;;;;;;;x
c_qazan_adj;Bulgarian;Bulgare;Bulgarischer;;Búlgaro;;;;;;;;;;;;;x
c_reggio;Rhegium;;;;;;;;;;;;;x
c_reggio_adj;Reggioian;Rhégienne;Reggio-;;Reggiano;;;;;;;;;;;;;x
c_rostov_adj;Ráðstofan;;;;;;;;;;;;;x
c_samarkand_adj;Marakandan;Marakandan;Marakandan;;Marakandan;;;;;;;;;;;;;x
c_shrewsbury;Viroconium;;;;;;;;;;;;;x
c_shrewsbury_adj;Viroconian;;;;;;;;;;;;;x
c_siracusa_adj;Siracusian;Syracusienne;Syrakusischer;;Siracusano;;;;;;;;;;;;;x
c_spoleto_adj;Spoletian;Spolétane;Spoletischer;;Spoletino;;;;;;;;;;;;;x
c_tabriz_adj;Tabrizian;Tabrizienne;Tabrisischer;;Tauris;;;;;;;;;;;;;x
c_tver_adj;Truvorian;;;;;;;;;;;;;x
c_vestfold_adj;Vestfolder;Vestfoldaise;Vestfolder;;Vesrfoldiense;;;;;;;;;;;;;x
c_vidin_adj;Vidinian;Vidinoise;Widinischer;;Vidinés;;;;;;;;;;;;;x
c_y;Alexandreia Eschate;;;;;;;;;;;;;x
##Duchies##
d_adoptionist;The Adoptionist Church;;;;;;;;;;;;;x
d_adoptionist_adj;Adoptionist;;;;;;;;;;;;;x
d_aghlabid;Aghlabids;;;;;;;;;;;;;x
d_aghlabid_adj;Aghlabid;;;;;;;;;;;;;x
d_ahriman_reformed;The Akomanic Temple;;;;;;;;;;;;;x
d_ahriman_reformed_adj;Akomanic;;;;;;;;;;;;;x
d_albania;Albania;;;;;;;;;;;;;x
d_albania_adj;Albanian;;;;;;;;;;;;;x
d_albany;Fìobha;;;;;;;;;;;;;x
d_alexandros;the Temple of Alexandros-Amon;;;;;;x
d_alexandros_adj;Alexandros-Amonnite;;;;;;;x
d_algic_pagan_reformed;The Midewiwin Congregation;Congrégation midewiwin;Die midewiwin Kongregation;;Congregación midewiwin;;;;;;;;x
d_amun_adj;Amunite;;;;;;;;;;;;;x
d_amun_reformed;The Priesthood of Amun;;;;;;;;;;;;;x
d_animism_reformed;The Animism Congregation;Congrégation animism;Die animism Kongregation;;Congregación animism;;;;;;;;x
d_apollinarist;The Apollinarist Patriarchate;;;;;;x
d_apollinarist_adj;Apollinarist Patriarchal;;;;;;;x
d_aqaba;Aqaba;;;;;;;;;;;;;x
d_aqaba_adj;Aqaban;;;;;;;;;;;;;x
d_arab_pagan_reformed;The Abeed ash-Shamshi Temple;;;;;;;;;;;;;x
d_arab_pagan_reformed_adj;'Abeed ash_Shamsi;;;;;;;;;;;;;x
d_arabia_felix;Al-Hijaz;;;;;;;;;;;;;x
d_arabia_felix_adj;Hijazi;;;;;;;;;;;;;x
d_arabia_petrae;Arabia Petraea;;;;;;;;;;;;;x
d_arabia_petrae_adj;Petraean;;;;;;;;;;;;;x
d_arakhosia;Arakhosia;;;;;;;;;;;;;x
d_arakhosia_adj;Arakhosian;;;;;;;;;;;;;x
d_aral;Aral;;;;;;;;;;;;;x
d_aral_adj;Aral;;;;;;;;;;;;;x
d_arian_adj;Arian;;;;;;;;;;;;;x
d_armenia;Urartu;;;;;;;;;;;;;;;;;x
d_armenia_adj;Urartuan;;;;;;;;;;;;;;;;;x
d_armeniacon;Pontos;;;;;;;;;;;;;x
d_armeniacon_adj;Pontic;;;;;;;;;;;;;x
d_arya;Arya;;;;;;;;;;;;;x
d_arya_adj;Aryan;;;;;;;;;;;;;x
d_ashari;The Ash'ari Caliphate;;;;;;;;;;;;;x
d_ashari_adj;Ash'ari;;;;;;;;;;;;;x
d_aten_reformed;The Priesthood of Aten;;;;;;;;;;;;;x
d_athens;Athenai;;;;;;;;;;;;;x
d_athens_adj;Athenian;;;;;;;;;;;;;x
d_audianist;The Audianist Patriarchate;;;;;;x
d_audianist_adj;Audianist Patriarchal;;;;;;;x
d_baal_monotheistic_reformed;The Ba'alite Temple;;;;;;;;;;;;;x
d_baal_monotheistic_reformed_adj;Ba'alite;;;;;;;;;;;;;x
d_baktria;Baktria;;;;;;;;;;;;;x
d_baktria_adj;Baktrian;;;;;;;;;;;;;x
d_baltic_pagan_reformed;The Romuvan Temple;;;;;;;;;;;;;x
d_baluchistan;Baluchistan;Baluchistan;Baluchistan;Baluchistan;Baluchistan;Baluchistan;Baluchistan;Baluchistan;Baluchistan;Baluchistan;Baluchistan;Baluchistan;Baluchistan;x
d_baluchistan_adj;Baluchistan;Baluchistan;Baluchistan;Baluchistan;Baluchistan;Baluchistan;Baluchistan;Baluchistan;Baluchistan;Baluchistan;Baluchistan;Baluchistan;Baluchistan;x
d_bantu_pagan_reformed;The Munguist Temple;;;;;;;;;;;;;x
d_bashkiria;Bashkiria;;;;;;;;;;;;;x
d_bashkiria_adj;Bashkirian;;;;;;;;;;;;;x
d_basra;Al-Basrah;;;;;;;;;;;;;x
d_basra_adj;Basran;;;;;;;;;;;;;x
d_belgarum;Venta Belgarum;;;;;;;;;;;;;x
d_belgarum_adj;Belgae;;;;;;;;;;;;;x
d_beloozero;Belo Ozero;;;;;;;;;;;;;x
d_beloozero_adj;Belo Ozeran;;;;;;;;;;;;;x
d_benevento;Benevento;Bénévent;Benevento;;Benevento;;;;;;;;;;;;;x
d_benevento_adj;Benevenetian;Bénéventine;Benevenetischer;;Beneventana;;;;;;;;;;;;;x
d_berber_pagan_reformed;The Mastimani Temple;;;;;;;;;;;;;x
d_berber_pagan_reformed_adj;Mastimani;;;;;;;;;;;;;x
d_bon_reformed;The Dzogcheni Temple;;;;;;;;;;;;;x
d_bornean_religion_reformed;The Kaharingan Congregation;Congrégation kaharingan;Die kaharingan Kongregation;;Congregación kaharingan;;;;;;;;x
d_breifne;Bréifne;;;;;;;;;;;;;x
d_breifne_adj;Bréifnean;;;;;;;;;;;;;x
d_bud_pratyeka;The Pratyekan Sect;;;;;;;;;;;;;x
d_bud_zen_reformed;The Linji Temple;;;;;;;;;;;;;x
d_bud_zor_reformed;The Mahadipika Temple;;;;;;;;;;;;;x
d_bud_zor_reformed_adj;Mahadipika;;;;;;;;;;;;;x
d_bulgar;Bulgar;Bolgar;Bulgar;;Bólgar;;;;;;;;;;;;;x
d_carinthia;Aquileia;;;;;;;;;;;;;x
d_carinthia_adj;Aquileian;;;;;;;;;;;;;x
d_cathar_reformed;The Consolamentian Church;;;;;;;;;;;;;x
d_cathar_reformed_adj;Consolamentian;;;;;;;;;;;;;x
d_celtic_christ_reformed;The Cúchulainnist Church;;;;;;;;;;;;;x
d_celtic_christ_reformed_adj;Cúchulainnist;;;;;;;;;;;;;x
d_celtic_pagan_reformed;The Tuatha Dé Temple;;;;;;;;;;;;;x
d_celtic_pagan_reformed_adj;Tuatha Dé;;;;;;;;;;;;;x
d_cheremisa;Mordovia;;;;;;;;;;;;;x
d_cheremisa_adj;Mordvin;;;;;;;;;;;;;x
d_christian_populist_reformed;The Franciscan Church;;;;;;;;;;;;;x
d_christian_populist_reformed_adj;Franciscan;;;;;;;;;;;;;x
d_chumbylat_reformed;The Küsotist Temple;;;;;;;;;;;;;x
d_chumbylat_reformed_adj;Küsotist;;;;;;;;;;;;;x
d_cushitic_pagan_reformed;The Cushitic Congregation;Congrégation Cushitic;Die Cushitic Kongregation;;Congregación Cushitic;;;;;;;;x
d_cybele_reformed;The Matar Kubileyan Temple;;;;;;;;;;;;;x
d_cybele_reformed_adj;Matar Kubileyan;;;;;;;;;;;;;x
d_dailam;Dailam;;;;;;;;;;;;;x
d_dailam_adj;Dailamite;;;;;;;;;;;;;x
d_dalmatia;Dalmatia;Dalmatie;Dalmatien;;Dalmacia;;;;;;;;;;;;;x
d_dalmatia_adj;Dalmatian;Dalmate;Dalmatischer;;Dálmata;;;;;;;;;;;;;x
d_docetist;The Docetist Patriarchate;;;;;;;;;;;;;x
d_docetist_adj;Docetist Patriarchal;;;;;;;;;;;;;x
d_dreamtime_religion_reformed;The Dreamtime Congregation;Congrégation dreamtime;Die dreamtime Kongregation;;Congregación dreamtime;;;;;;;;x
d_druze_reformed;The Ahl al-Tahwidi Temple;;;;;;;;;;;;;x
d_druze_reformed_adj;Ahl al-Tahwidi;;;;;;;;;;;;;x
d_east_bantu_mythology_reformed;The East Bantu Mythology Congregation;Congrégation East Bantu Mythology;Die East Bantu Mythology Kongregation;;Congregación East Bantu Mythology;;;;;;;;x
d_erlik_reformed;The Ulu Erliki Temple;;;;;;;;;;;;;x
d_esfahan;Spahân;Spahân;Spahân;;Spahân;;;;;;;;;;;;;x
d_esfahan_adj;Spahani;Spahani;Spahani;;Spahani;;;;;;;;;;;;;x
d_ethiopian_war_reformed;The Maher Aelshadayi Temple;;;;;;;;;;;;;x
d_ethiopian_war_reformed_adj;Maher Aelshadayi;;;;;;;;;;;;;x
d_ferrara;Ferraria;;;;;;;;;;;;;x
d_ferrara_adj;Ferrarian;;;;;;;;;;;;;x
d_finland;Suomi;;;;;;;;;;;;;x
d_finland_adj;Suomi;;;;;;;;;;;;;x
d_finnish_pagan_reformed;The Kalevalan Temple;;;;;;;;;;;;;x
d_flores_religion_reformed;The Marapu Congregation;Congrégation Marapu;Die Marapu Kongregation;;Congregación Marapu;;;;;;;;x
d_garagum;Garagum;;;;;;;;;;;;;x
d_garagum_adj;Garagumi;;;;;;;;;;;;;x
d_gedrosia;Gedrosia;;;;;;;;;;;;;x
d_gedrosia_adj;Gedrosian;;;;;;;;;;;;;x
d_german_pagan_reformed;The Niwjaz Siduzic Temple;;;;;;;;;;;;;x
d_german_pagan_reformed_adj;Niwjaz Siduzic;;;;;;;;;;;;;x
d_graeco_roman_reformed;The Olympist Temple;;;;;;;;;;;;;x
d_graeco_roman_reformed_adj;Olympist;;;;;;;;;;;;;x
d_greater_poland;Polans;;;;;;;;;;;;;x
d_gwent;Morgannwg;;;;;;;;;;;;;x
d_gwent_adj;Morgannwgan;;;;;;;;;;;;;x
d_hamadan;Hagmatana;;;;;;;;;;;;;x
d_hamadan_adj;Hagmatani;;;;;;;;;;;;;x
d_haruri_caliphate;The Haruri Caliphate;;;;;;;;;;;;;x
d_haruri_caliphate_adj;Haruri;;;;;;;;;;;;;x
d_holyadoptionist;Order of the Adopted Son;;;;;;;;;;;;;x
d_holyadoptionist_adj;Order of the Adopted Son;;;;;;;;;;;;;x
d_holyahriman_reformed;Hand of Ahriman;;;;;;;;;;;;;x
d_holyahriman_reformed_adj;Hand of Ahriman;;;;;;;;;;;;;x
d_holyalexandros;Hieros Alexandros Hetairoi;;;;;;;;;;;;;x
d_holyalexandros_adj;Hieros Alexandros Hetairoi;;;;;;;;;;;;;x
d_holyallfather;Sons of Wotan;;;;;;;;;;;;;x
d_holyallfather_adj;Sons of Wotan;;;;;;;;;;;;;x
d_holyalmaqah;Lightbringers of Almaqah;;;;;;;;;;;;;x
d_holyalmaqah_adj;Lightbringers of Almaqah;;;;;;;;;;;;;x
d_holyamun_reformed;Ammonite Guard;;;;;;;;;;;;;x
d_holyamun_reformed_adj;Ammonite Guard;;;;;;;;;;;;;x
d_holyantinomian;Order of Sacred Faith;;;;;;;;;;;;;x
d_holyantinomian_adj;Order of Sacred Faith;;;;;;;;;;;;;x
d_holyapollinarist;Ordo Tertium Quid;;;;;;;;;;;;;x
d_holyapollinarist_adj;Ordo Tertium Quid;;;;;;;;;;;;;x
d_holyarab_pagan_reformed;Hand of Shams;;;;;;;;;;;;;x
d_holyarab_pagan_reformed_adj;Hand of Shams;;;;;;;;;;;;;x
d_holyarian;Sword of Arius;;;;;;;;;;;;;x
d_holyarian_adj;Sword of Arius;;;;;;;;;;;;;x
d_holyashari;al-Asha`riyya Muhabirun;;;;;;;;;;;;;x
d_holyashari_adj;al-Asha`riyya Muhabirun;;;;;;;;;;;;;x
d_holyaten_reformed;Guard of Aten;;;;;;;;;;;;;x
d_holyaten_reformed_adj;Guard of Aten;;;;;;;;;;;;;x
d_holyathari;The True Muslims;;;;;;;;;;;;;x
d_holyathari_adj;True Muslim;;;;;;;;;;;;;x
d_holyaudianist;Knights of Audaeus;;;;;;;;;;;;;x
d_holyaudianist_adj;Knights of Audaeus;;;;;;;;;;;;;x
d_holyaztec;Jaguar Warriors of Aztlán;;;;;;;;;;;;;x
d_holyaztec_adj;Jaguar Warriors of Aztlán;;;;;;;;;;;;;x
d_holybaal_monotheistic_reformed;Host of Ba'al;;;;;;;;;;;;;x
d_holybaal_monotheistic_reformed_adj;Host of Ba'al;;;;;;;;;;;;;x
d_holybaltic_pagan_reformed;Chosen of Perkunas;;;;;;;;;;;;;x
d_holybaltic_pagan_reformed_adj;Chosen of Perkunas;;;;;;;;;;;;;x
d_holybantu_pagan_reformed;Champions of Mungu;;;;;;;;;;;;;x
d_holybantu_pagan_reformed_adj;Champions of Mungu;;;;;;;;;;;;;x
d_holybektashi;The Bektashi Order;;;;;;;;;;;;;x
d_holybektashi_adj;Bektashi;;;;;;;;;;;;;x
d_holyberber_pagan_reformed;Bulls of Mastiman;;;;;;;;;;;;;x
d_holyberber_pagan_reformed_adj;Bulls of Mastiman;;;;;;;;;;;;;x
d_holybogomilist;Albigensian Order;;;;;;;;;;;;;x
d_holybogomilist_adj;Albigensian;;;;;;;;;;;;;x
d_holybon_reformed;Guardians of Shambhala;;;;;;;;;;;;;x
d_holybon_reformed_adj;Guardians of Shambhala;;;;;;;;;;;;;x
d_holybud_bahusrutiya;Bahusrutiya Warrior Monks;;;;;;;;;;;;;x
d_holybud_bahusrutiya_adj;Bahusrutiya Warrior Monks;;;;;;;;;;;;;x
d_holybud_mahayana;Mahayana Warrior Monks;;;;;;;;;;;;;x
d_holybud_mahayana_adj;Mahayana Warrior Monks;;;;;;;;;;;;;x
d_holybud_pratyeka;Enlightened Guard;;;;;;;;;;;;;x
d_holybud_pratyeka_adj;Enlightened Guard;;;;;;;;;;;;;x
d_holybud_pureland;Buddhasektra Warrior Monks;;;;;;;;;;;;;x
d_holybud_pureland_adj;Buddhasektra Warrior Monks;;;;;;;;;;;;;x
d_holybud_sthaviravada;Sthaviravada Warrior Monks;;;;;;;;;;;;;x
d_holybud_sthaviravada_adj;Sthaviravada Warrior Monksr;;;;;;;;;;;;;x
d_holybud_vajrayana;Vajrayana Warrior Monks;;;;;;;;;;;;;x
d_holybud_vajrayana_adj;Vajrayana Warrior Monks;;;;;;;;;;;;;x
d_holybud_zen_reformed;Shaolin Monks;;;;;;;;;;;;;x
d_holybud_zen_reformed_adj;Shaolin Monks;;;;;;;;;;;;;x
d_holybud_zor_reformed;Keepers of the Balance;;;;;;;;;;;;;x
d_holybud_zor_reformed_adj;Keepers of the Balance;;;;;;;;;;;;;x
d_holybudgandharan;The Gandharan Order;;;;;;;;;;;;;x
d_holybudgandharan_adj;Gandharan;;;;;;;;;;;;;x
d_holycathar_reformed;Cleansers of God;;;;;;;;;;;;;x
d_holycathar_reformed_adj;Cleansers of God;;;;;;;;;;;;;x
d_holycatholic;Knights Templar;;;;;;;;;;;;;x
d_holycatholic_adj;Knights Templar;;;;;;;;;;;;;x
d_holycatval;Ordo Militaris Valentiniani;;;;;;;;;;;;;x
d_holycatval_adj;Ordo Militaris Valentiniani;;;;;;;;;;;;;x
d_holyceltic_christ_reformed;Order of Cú Chulainn;;;;;;;;;;;;;x
d_holyceltic_christ_reformed_adj;Order of Cú Chulainn;;;;;;;;;;;;;x
d_holyceltic_pagan_reformed;Fianna Fáil;;;;;;;;;;;;;x
d_holyceltic_pagan_reformed_adj;Fianna Fáil;;;;;;;;;;;;;x
d_holychristian_populist_reformed;Poor Ones;;;;;;;;;;;;;x
d_holychristian_populist_reformed_adj;Poor Ones;;;;;;;;;;;;;x
d_holychumbylat_reformed;Chosen of Kubrat;;;;;;;;;;;;;x
d_holychumbylat_reformed_adj;Chosen of Kubrat;;;;;;;;;;;;;x
d_holyconfucian;Scholar-Warriors of Confucius;;;;;;;;;;;;;x
d_holyconfucian_adj;Scholar-Warriors of Confucius;;;;;;;;;;;;;x
d_holycybele_reformed;Sons of the Mountain;;;;;;;;;;;;;x
d_holycybele_reformed_adj;Sons of the Mountain;;;;;;;;;;;;;x
d_holydocetist;Knights of the Holy Ghost;;;;;;;;;;;;;x
d_holydocetist_adj;Knights of the Holy Ghost;;;;;;;;;;;;;x
d_holydonatist;The Circumcellions;;;;;;;;;;;;;x
d_holydonatist_adj;Circumcellion;;;;;;;;;;;;;x
d_holydruze_reformed;Keepers of Unity;;;;;;;;;;;;;x
d_holydruze_reformed_adj;Keepers of Unity;;;;;;;;;;;;;x
d_holyerlik_reformed;Storm of Ulu Erlik;;;;;;;;;;;;;x
d_holyerlik_reformed_adj;Storm of Ulu Erlik;;;;;;;;;;;;;x
d_holyethiopian_war_reformed;Host of Maher;;;;;;;;;;;;;x
d_holyethiopian_war_reformed_adj;Host of Maher;;;;;;;;;;;;;x
d_holyfinnish_pagan_reformed;Sons of Kaleva;;;;;;;;;;;;;x
d_holyfinnish_pagan_reformed_adj;Sons of Kaleva;;;;;;;;;;;;;x
d_holygerman_pagan_reformed;Chosen of Wodanaz;;;;;;;;;;;;;x
d_holygerman_pagan_reformed_adj;Chosen of Wodanaz;;;;;;;;;;;;;x
d_holygraeco_roman_reformed;The Mamertines;;;;;;;;;;;;;x
d_holygraeco_roman_reformed_adj;Mamertine;;;;;;;;;;;;;x
d_holygurzil;Bulls of Gurzil;;;;;;;;;;;;;x
d_holygurzil_adj;Bulls of Gurzil;;;;;;;;;;;;;x
d_holyharuri;The Haruriyyah;;;;;;;;;;;;;x
d_holyharuri_adj;Haruriyyah;;;;;;;;;;;;;x
d_holyhindu;Followers of Arjuna;;;;;;;;;;;;;x
d_holyhindu_adj;Followers of Arjuna;;;;;;;;;;;;;x
d_holyhurufi;Keepers of the Letters;;;;;;;;;;;;;x
d_holyhurufi_adj;Keepers of the Letters;;;;;;;;;;;;;x
d_holyibadi;al-Ibadiyyah Muhabirun;;;;;;;;;;;;;x
d_holyibadi_adj;al-Ibadiyyah Muhabirun;;;;;;;;;;;;;x
d_holyiberian_pagan_reformed;Lightbringers of Endovellicus;;;;;;;;;;;;;x
d_holyiberian_pagan_reformed_adj;Lightbringers of Endovellicus;;;;;;;;;;;;;x
d_holyiconoclast;Arbiters of the Iconoclasm;;;;;;;;;;;;;x
d_holyiconoclast_adj;Arbiters of the Iconoclasm;;;;;;;;;;;;;x
d_holyilluyanka_reformed;Sacred Band of Typhon-Illuyanka;;;;;;;;;;;;;x
d_holyilluyanka_reformed_adj;Sacred Band of Typhon-Illuyanka;;;;;;;;;;;;;x
d_holyilm_islam;Ilm Muharibun;;;;;;;;;;;;;x
d_holyilm_islam_adj;Ilm Muharibun;;;;;;;;;;;;;x
d_holyindoh_bud;Bodhisattva Alexandros Agema;;;;;;;;;;;;;x
d_holyindoh_bud_adj;Bodhisattva Alexandros Agema;;;;;;;;;;;;;x
d_holyindoh_confucian;Wardens of the Academy;;;;;;;;;;;;;x
d_holyindoh_confucian_adj;Wardens of the Academy;;;;;;;;;;;;;x
d_holyindoh_hindu;Shiva-Alexandros Agema;;;;;;;;;;;;;x
d_holyindoh_hindu_adj;Shiva-Alexandros Agema;;;;;;;;;;;;;x
d_holyindoh_zor;Order of the Oracle Flame;;;;;;;;;;;;;x
d_holyindoh_zor_adj;Order of the Oracle Flame;;;;;;;;;;;;;x
d_holyindohelen_reformed;Hieros Alexandros Agema;;;;;;;;;;;;;x
d_holyindohelen_reformed_adj;Hieros Alexandros Agema;;;;;;;;;;;;;x
d_holyinti;Warriors of Inti;;;;;;;;;;;;;x
d_holyinti_adj;Warriors of Inti;;;;;;;;;;;;;x
d_holyinti_reformed;Warriors of Inti;;;;;;;;;;;;;x
d_holyinti_reformed_adj;Warriors of Inti;;;;;;;;;;;;;x
d_holyinuit_pagan_reformed;Warrior Shamans;;;;;;;;;;;;;x
d_holyinuit_pagan_reformed_adj;Warrior Shamans;;;;;;;;;;;;;x
d_holyisis_reformed;Osirian Guard;;;;;;;;;;;;;x
d_holyisis_reformed_adj;Osirian Guard;;;;;;;;;;;;;x
d_holyjain;Bulls of Rishabha;;;;;;;;;;;;;x
d_holyjain_adj;Bulls of Rishabha;;;;;;;;;;;;;x
d_holyjud_ark_reformed;Wardens of the Ark;;;;;;;;;;;;;x
d_holyjud_ark_reformed_adj;Wardens of the Ark;;;;;;;;;;;;;x
d_holyjud_zion;Defenders of the Land;;;;;;;;;;;;;x
d_holyjud_zion_adj;Defenders of the Land;;;;;;;;;;;;;x
d_holyjudaism_reformed;Kana'im;;;;;;;;;;;;;x
d_holyjudaism_reformed_adj;Kana'im;;;;;;;;;;;;;x
d_holyjupiter;Milites Iovis Optimi Maximi;;;;;;;;;;;;;x
d_holyjupiter_adj;Milites Iovis Optimi Maximi;;;;;;;;;;;;;x
d_holykubera_reformed;Chosen of Kubera;;;;;;;;;;;;;x
d_holykubera_reformed_adj;Chosen of Kubera;;;;;;;;;;;;;x
d_holylubu_reformed;Army of Heavenly Emperor Lu;;;;;;;;;;;;;x
d_holylubu_reformed_adj;Army of Heavenly Emperor Lu;;;;;;;;;;;;;x
d_holylugh;Spears of Lugh;;;;;;;;;;;;;x
d_holylugh_adj;Spears of Lugh;;;;;;;;;;;;;x
d_holyluwian;Consorts of Arinniti;;;;;;;;;;;;;x
d_holyluwian_adj;Consorts of Arinniti;;;;;;;;;;;;;x
d_holymand_ruha_reformed;Host of the Holy Spirit;;;;;;;;;;;;;x
d_holymand_ruha_reformed_adj;Host of the Holy Spirit;;;;;;;;;;;;;x
d_holymandaean_reformed;Keepers of Knowledge;;;;;;;;;;;;;x
d_holymandaean_reformed_adj;Keepers of Knowledge;;;;;;;;;;;;;x
d_holymani;Mani Amahraspandan;;;;;;;;;;;;;x
d_holymani_adj;Mani Amahraspandan;;;;;;;;;;;;;x
d_holymani_germanic_reformed;Chosen of Earendel;;;;;;;;;;;;;x
d_holymani_germanic_reformed_adj;Chosen of Earendel;;;;;;;;;;;;;x
d_holymani_mithra;Theoi Agema;;;;;;;;;;;;;x
d_holymani_mithra_adj;Theoi Agema;;;;;;;;;;;;;x
d_holymani_slavic_reformed;Chosen of Dragomir;;;;;;;;;;;;;x
d_holymani_slavic_reformed_adj;Chosen of Dragomir;;;;;;;;;;;;;x
d_holymarcionist;Order of the Dual Nature;;;;;;;;;;;;;x
d_holymarcionist_adj;Order of the Dual Nature;;;;;;;;;;;;;x
d_holymari_christ_reformed;Templars of the Blessed Virgin;;;;;;;;;;;;;x
d_holymari_christ_reformed_adj;Templars of the Blessed Virgin;;;;;;;;;;;;;x
d_holymaturidi;Pious Warriors;;;;;;;;;;;;;x
d_holymaturidi_adj;Pious Warriors;;;;;;;;;;;;;x
d_holymazdakism_reformed;Army of the People;;;;;;;;;;;;;x
d_holymazdakism_reformed_adj;Army of the People;;;;;;;;;;;;;x
d_holymelkite;Guardians of the Melkite Church;;;;;;;;;;;;;x
d_holymelkite_adj;Guardians of the Melkite Church;;;;;;;;;;;;;x
d_holymithra;Swords of Mithra;;;;;;;;;;;;;x
d_holymithra_adj;Swords of Mithra;;;;;;;;;;;;;x
d_holymithra_christ;Sacred Cross of Mithra;;;;;;;;;;;;;x
d_holymithra_christ_adj;Sacred Cross of Mithra;;;;;;;;;;;;;x
d_holymithra_sol;Ordo Luciferi Illuminatoris;;;;;;;;;;;;;x
d_holymithra_sol_adj;Ordo Luciferi Illuminatoris;;;;;;;;;;;;;x
d_holymonophysite;E Duobus Unum;;;;;;;;;;;;;x
d_holymonophysite_adj;E Duobus Unum;;;;;;;;;;;;;x
d_holymonophysite_nubian;Southern Brotherhood of the United Nature;;;;;;;;;;;;;x
d_holymonophysite_nubian_adj;Southern Brotherhood of the United Nature;;;;;;;;;;;;;x
d_holymonothelite;The One Will;;;;;;;;;;;;;x
d_holymonothelite_adj;Univoluntatian;;;;;;;;;;;;;x
d_holymontanist_reformed;Order of the Flaming Dove;;;;;;;;;;;;;x
d_holymontanist_reformed_adj;Order of the Flaming Dove;;;;;;;;;;;;;x
d_holymurjiah;Murjite Guard;;;;;;;;;;;;;x
d_holymurjiah_adj;Murjite Guard;;;;;;;;;;;;;x
d_holymurugan_reformed;Followers of Amugurgam;;;;;;;;;;;;;x
d_holymurugan_reformed_adj;Followers of Amugurgam;;;;;;;;;;;;;x
d_holymuslim_aliite_reformed;Army of the Faithful;;;;;;;;;;;;;x
d_holymuslim_aliite_reformed_adj;Army of the Faithful;;;;;;;;;;;;;x
d_holymuslim_domination_reformed;as-Sahaba Ghazis;;;;;;;;;;;;;x
d_holymuslim_domination_reformed_adj;as-Sahaba Ghazis;;;;;;;;;;;;;x
d_holymuslim_sufi_reformed;Brothers of Tolerance;;;;;;;;;;;;;x
d_holymuslim_sufi_reformed_adj;Brothers of Tolerance;;;;;;;;;;;;;x
d_holymutazil;Warriors of the Mind;;;;;;;;;;;;;x
d_holymutazil_adj;Warriors of the Mind;;;;;;;;;;;;;x
d_holymwari;Hand of Mwari;;;;;;;;;;;;;x
d_holymwari_adj;Hand of Mwari;;;;;;;;;;;;;x
d_holynasrani_reformed;The Order of St. Thomas;;;;;;;;;;;;;x
d_holynasrani_reformed_adj;Order of St. Thomas;;;;;;;;;;;;;x
d_holyneoplato;Scholar-Knights of the Neoplatonic Academy;;;;;;;;;;;;;x
d_holyneoplato_adj;Neoplatonic;;;;;;;;;;;;;x
d_holynestorian;Scholars of Antioch;;;;;;;;;;;;;x
d_holynestorian_adj;Scholars of Antioch;;;;;;;;;;;;;x
d_holynorse_christ_reformed;The Order of Baldr;;;;;;;;;;;;;x
d_holynorse_christ_reformed_adj;Order of Baldr;;;;;;;;;;;;;x
d_holynorse_pagan_reformed;The Sons of Odin;;;;;;;;;;;;;x
d_holynorse_pagan_reformed_adj;Sons of Odin;;;;;;;;;;;;;x
d_holynorsewar;Ofridrtívar Hersir;;;;;;;;;;;;;x
d_holynorsewar_adj;Ofridrtívar Hersir;;;;;;;;;;;;;x
d_holynorthern_sun_reformed;The Sons of Sehul;;;;;;;;;;;;;x
d_holynorthern_sun_reformed_adj;Sons of Sehul;;;;;;;;;;;;;x
d_holynyakalagan_reformed;The Warriors of Nyakalaga;;;;;;;;;;;;;x
d_holynyakalagan_reformed_adj;Warriors of Nyakalaga;;;;;;;;;;;;;x
d_holynyau;Masked Warriors;;;;;;;;;;;;;x
d_holynyau_adj;Masked Warriors;;;;;;;;;;;;;x
d_holyorthodox;Theotokos Athanatoi;;;;;;;;;;;;;x
d_holyorthodox_adj;Theotokos Athanatoi;;;;;;;;;;;;;x
d_holypelagian;Equites Liberi Arbitrii;;;;;;;;;;;;;x
d_holypelagian_adj;Equites Liberi Arbitrii;;;;;;;;;;;;;x
d_holyplato_christ;The Cross of Sophia;;;;;;;;;;;;;x
d_holyplato_christ_adj;The Cross of Sophia;;;;;;;;;;;;;x
d_holyplato_islam;Knights of Alexandria;;;;;;;;;;;;;x
d_holyplato_islam_adj;Knights of Alexandria;;;;;;;;;;;;;x
d_holyplato_pythagorean;Order of the Triangle;;;;;;;;;;;;;x
d_holyplato_pythagorean_adj;Order of the Triangle;;;;;;;;;;;;;x
d_holyporphyryan;Knights of Porphyry;;;;;;;;;;;;;x
d_holyporphyryan_adj;Knights of Porphyry;;;;;;;;;;;;;x
d_holypriscillian_reformed;The Wardens;;;;;;;;;;;;;x
d_holypriscillian_reformed_adj;Wardens;;;;;;;;;;;;;x
d_holyragnarok_reformed;The Ulfhednar;;;;;;;;;;;;;x
d_holyragnarok_reformed_adj;Ulfhednar;;;;;;;;;;;;;x
d_holyroman_imperial;Ordo Augusti Triumphatoris;;;;;;;;;;;;;x
d_holyroman_imperial_adj;Ordo Augusti Triumphatoris;;;;;;;;;;;;;x
d_holysabellianist;Knights of the Godhead;;;;;;;;;;;;;x
d_holysabellianist_adj;Knights of the Godhead;;;;;;;;;;;;;x
d_holysaura_reformed;The Chosen of Surya;;;;;;;;;;;;;x
d_holysaura_reformed_adj;Chosen of Surya;;;;;;;;;;;;;x
d_holysemipelagian;Order of Grace;;;;;;;;;;;;;x
d_holysemipelagian_adj;Order of Grace;;;;;;;;;;;;;x
d_holyserer_reformed;The Spirit Guardians;;;;;;;;;;;;;x
d_holyserer_reformed_adj;Spirit Guardians;;;;;;;;;;;;;x
d_holyset_reformed;The Wardens of Set;;;;;;;;;;;;;x
d_holyset_reformed_adj;Wardens of Set;;;;;;;;;;;;;x
d_holysethian_reformed;The Order of the Third Son;;;;;;;;;;;;;x
d_holysethian_reformed_adj;Order of the Third Son;;;;;;;;;;;;;x
d_holyshiite;Hashshashin;;;;;;;;;;;;;x
d_holyshiite_adj;Hashshashin;;;;;;;;;;;;;x
d_holyslavic_christian_reformed;The Order of St. Andrew;;;;;;;;;;;;;x
d_holyslavic_christian_reformed_adj;Order of St. Andrew;;;;;;;;;;;;;x
d_holyslavic_pagan_reformed;The Warriors of Perun;;;;;;;;;;;;;x
d_holyslavic_pagan_reformed_adj;Warriors of Perun;;;;;;;;;;;;;x
d_holysol;Ordo Solis Invicti;;;;;;;;;;;;;x
d_holysol_adj;Ordo Solis Invicti;;;;;;;;;;;;;x
d_holysol_apollo;Apollon Hellios Agema;;;;;;;;;;;;;x
d_holysol_apollo_adj;Apollon Hellios Agema;;;;;;;;;;;;;x
d_holysol_boreas_reformed;The Sacred Band of Boreas;;;;;;;;;;;;;x
d_holysol_boreas_reformed_adj;Sacred Band of Boreas;;;;;;;;;;;;;x
d_holysol_christ;Ordo Christi Illuminatoris;;;;;;;;;;;;;x
d_holysol_christ_adj;Ordo Christi Illuminatoris;;;;;;;;;;;;;x
d_holysol_islam_reformed;The Sons of the Sun;;;;;;;;;;;;;x
d_holysol_islam_reformed_adj;Sons of the Sun;;;;;;;;;;;;;x
d_holysol_mani;Order of the All-Knowing Sun;;;;;;;;;;;;;x
d_holysol_mani_adj;Order of the All-Knowing Sun;;;;;;;;;;;;;x
d_holysol_sahara_reformed;The Champions of the Red Sun;;;;;;;;;;;;;x
d_holysol_sahara_reformed_adj;Champions of the Red Sun;;;;;;;;;;;;;x
d_holysolomonic_alexandros;Hieros Solomon Hetairoi;;;;;;;;;;;;;x
d_holysolomonic_alexandros_adj;Hieros Solomon Hetairoi;;;;;;;;;;;;;x
d_holysolomonic_christ;The Solomonic Guard;;;;;;;;;;;;;x
d_holysolomonic_christ_adj;The Solomonic Guard;;;;;;;;;;;;;x
d_holysowilo;Sowilo Herjis;;;;;;;;;;;;;x
d_holysowilo_adj;Sowilo Herjis;;;;;;;;;;;;;x
d_holysunni;as-Sahaba;;;;;;;;;;;;;x
d_holysunni_adj;as-Sahaba;;;;;;;;;;;;;x
d_holytao_reformed;The Heavenly Host of Peace;;;;;;;;;;;;;x
d_holytao_reformed_adj;Heavenly Host of Peace;;;;;;;;;;;;;x
d_holytarhunt_reformed;The Chosen of Tarhunt;;;;;;;;;;;;;x
d_holytarhunt_reformed_adj;Chosen of Tarhunt;;;;;;;;;;;;;x
d_holyteiwaz_reformed;The Silver Hand;;;;;;;;;;;;;x
d_holyteiwaz_reformed_adj;Silver Hand;;;;;;;;;;;;;x
d_holytengri_bud_reformed;The Yellow Hat Defenders;;;;;;;;;;;;;x
d_holytengri_bud_reformed_adj;Yellow Hat Defenders;;;;;;;;;;;;;x
d_holytengri_confucian_reformed;The Heavenly Warriors;;;;;;;;;;;;;x
d_holytengri_confucian_reformed_adj;Heavenly Warriors;;;;;;;;;;;;;x
d_holytengri_mani_reformed;The Riders of Bei-Ulgan;;;;;;;;;;;;;x
d_holytengri_mani_reformed_adj;Riders of Bei-Ulgan;;;;;;;;;;;;;x
d_holytengri_pagan_reformed;The Lords of the Sky;;;;;;;;;;;;;x
d_holytengri_pagan_reformed_adj;Lords of the Sky;;;;;;;;;;;;;x
d_holytengri_rod_reformed;Warriors of Rod-Tenri;;;;;;;;;;;;;x
d_holytengri_rod_reformed_adj;Warriors of Rod-Tenri;;;;;;;;;;;;;x
d_holyunctionist;Ordo Rex Sacrorum;;;;;;;;;;;;;x
d_holyunctionist_adj;Ordo Rex Sacrorum;;;;;;;;;;;;;x
d_holyvalentinian;Ordo Pleromate;;;;;;;;;;;;;x
d_holyvalentinian_adj;Ordo Pleromate;;;;;;;;;;;;;x
d_holyvattisenyaly_reformed;The Yellow Keepers;;;;;;;;;;;;;x
d_holyvattisenyaly_reformed_adj;Yellow Keepers;;;;;;;;;;;;;x
d_holyveles;Serpents of Veles;;;;;;;;;;;;;x
d_holyveles_adj;Serpents of Veles;;;;;;;;;;;;;x
d_holyvidharma_reformed;The Devotees of Vithoba;;;;;;;;;;;;;x
d_holyvidharma_reformed_adj;Devotees of Vithoba;;;;;;;;;;;;;x
d_holyvoipel;Windriders of Voipel';;;;;;;;;;;;;x
d_holyvoipel_adj;Windriders of Voipel';;;;;;;;;;;;;x
d_holyvoipel_reformed;The Winds of Winter;;;;;;;;;;;;;x
d_holyvoipel_reformed_adj;Winds of Winter;;;;;;;;;;;;;x
d_holyyazdanism_reformed;The Faqir Warriors;;;;;;;;;;;;;x
d_holyyazdanism_reformed_adj;Faqir Warriors;;;;;;;;;;;;;x
d_holyyoruba;Zangbeto Guardians;;;;;;;;;;;;;x
d_holyyoruba_adj;Zangbeto Guardians;;;;;;;;;;;;;x
d_holyzahiri;The Sword of Sharia;;;;;;;;;;;;;x
d_holyzahiri_adj;The Sword of Sharia;;;;;;;;;;;;;x
d_holyzal;Athanatoi Ktistai;;;;;;;;;;;;;x
d_holyzal_adj;Athanatoi Ktistai;;;;;;;;;;;;;x
d_holyzal_christ;Knight-Errants of Zalmoxis;;;;;;;;;;;;;x
d_holyzal_christ_adj;Knight-Errants of Zalmoxis;;;;;;;;;;;;;x
d_holyzal_mani;Order of the Cave Ascension;;;;;;;;;;;;;x
d_holyzal_mani_adj;Order of the Cave Ascension;;;;;;;;;;;;;x
d_holyzande_pagan_reformed;The Bloodied Ones;;;;;;;;;;;;;x
d_holyzande_pagan_reformed_adj;Bloodied Ones;;;;;;;;;;;;;x
d_holyzor_angra_reformed;Khvaraenah Angra Mainyu;;;;;;;;;;;;;x
d_holyzor_angra_reformed_adj;Khvaraenah Angra Mainyu;;;;;;;;;;;;;x
d_holyzor_hindu;Chosen of Mitra;;;;;;;;;;;;;x
d_holyzor_hindu_adj;Chosen of Mitra;;;;;;;;;;;;;x
d_holyzoroastrian;Asavaran Magi;;;;;;;;;;;;;x
d_holyzoroastrian_adj;Asavaran Magi;;;;;;;;;;;;;x
d_holyzulu_pagan_reformed;The Impi;;;;;;;;;;;;;x
d_holyzulu_pagan_reformed_adj;Impi;;;;;;;;;;;;;x
d_holyzurvanism_reformed;The Guardians of Time;;;;;;;;;;;;;x
d_holyzurvanism_reformed_adj;Guardians of Time;;;;;;;;;;;;;x
d_hwicce;Hwicce;;;;;;;;;;;;;x
d_hwicce_adj;Hwiccan;;;;;;;;;;;;;x
d_iberian_pagan_reformed;The Iberist Temple;;;;;;;;;;;;;x
d_illuyanka_reformed;The Typhonist Temple;;;;;;;;;;;;;x
d_illuyanka_reformed_adj;Typhonist;;;;;;;;;;;;;x
d_indoh_confucian;The Konphosian Academy;;;;;;;;;;;;;x
d_indoh_zor;The Temple of the Sacred Flame;;;;;;;;;;;;;x
d_indoh_zor_adj;Pyromantic;;;;;;;;;;;;;x
d_indohelen_reformed;The Indolatreían Temple;;;;;;;;;;;;;x
d_indohelen_reformed_adj;Indolatreían;;;;;;;;;;;;;x
d_inti_reformed;The Wiraqutra Congregation;Congrégation inti;Die inti Kongregation;;Congregación inti;;;;;;;;x
d_inuit_pagan_reformed;The Angakkuqi Temple;;;;;;;;;;;;;x
d_isis_adj;Isetite;;;;;;;;;;;;;x
d_isis_reformed;The Priesthood of Osiris;;;;;;;;;;;;;x
d_java_religion_reformed;The Kejawen Congregation;Congrégation Kejawen;Die Kejawen Kongregation;;Congregación Kejawen;;;;;;;;x
d_jud_ark_reformed;The Shekinahi Temple;;;;;;;;;;;;;x
d_jud_ark_reformed_adj;Shekinahi;;;;;;;;;;;;;x
d_judaism_reformed;The Bnai Yisra'eli Temple;;;;;;;;;;;;;x
d_judaism_reformed_adj;Bnai Yisra'eli;;;;;;;;;;;;;x
d_jupiter;The Priesthood of Jupiter Optimus Maximus;;;;;;;;;;;;;x
d_jupiter_adj;Jovian;;;;;;;;;;;;;x
d_jurchen_pagan_reformed;The Abkadahambi Congregation;Congrégation Abkadahambi;Die Abkadahambi Kongregation;;Congregación Abkadahambi;;;;;;;;x
d_kappadokia;Kappadokia;;;;;;;;;;;;;x
d_kappadokia_adj;Kappadokian;;;;;;;;;;;;;x
d_khwarizmian;Xvairizem;;;;;;;;;;;;;x
d_khwarizmian_adj;Xvairizemian;;;;;;;;;;;;;x
d_krete;Krete;Crète;Kreta;;Creta;;;;;;;;;;;;;x
d_krete_adj;Cretan;Crétoise;Kretischer;;Cretense;;;;;;;;;;;;;x
d_kubera_reformed;The Sarvahnai Temple;;;;;;;;;;;;;x
d_kurdistan_adj;Kurdish;;;;;;;;;;;;;x
d_lapland;Lapland;;;;;;;;;;;;;x
d_lapland_adj;Sámi;;;;;;;;;;;;;x
d_lesser_poland;Vistula;;;;;;;;;;;;;x
d_lindsey;Lindesege;;;;;;;;;;;;;x
d_lombardia;Lombardy;Lombardie;Lombardei;;Lombardía;;;;;;;;;;;;;x
d_lombardia_adj;Lombard;Lombarde;Lombardischer;;Lombarda;;;;;;;;;;;;;x
d_lubu_reformed;The Lushèngdìjun Chóngbài Temple;;;;;;;;;;;;;x
d_magonsaete;Magonsæte;;;;;;;;;;;;;x
d_magonsaete_adj;Magonsæte;;;;;;;;;;;;;x
d_makedonia;Makedonía;;;;;;;;;;;;;;;;;x
d_makedonia_adj;Makedonían;;;;;;;;;;;;;;;;;x
d_makran;Makran;Makran;Makran;Makran;Makran;Makran;Makran;Makran;Makran;Makran;Makran;Makran;Makran;x
d_makran_adj;Makran;Makran;Makran;Makran;Makran;Makran;Makran;Makran;Makran;Makran;Makran;Makran;Makran;x
d_malagasy_religion_reformed;The Andrianerinerinan Congregation;Congrégation Andrianerinerinan;Die Andrianerinerinan Kongregation;;Congregación Andrianerinerinan;;;;;;;;x
d_mand_ruha_reformed;The Adunayic Temple;;;;;;;;;;;;;x
d_mand_ruha_reformed_adj;Adunayic;;;;;;;;;;;;;x
d_mandaean_reformed;The Rišamman Temple;;;;;;;;;;;;;x
d_mandaean_reformed_adj;Rišamman;;;;;;;;;;;;;x
d_mani_germanic_reformed;The Woriibarstist Temple;;;;;;;;;;;;;x
d_mani_germanic_reformed_adj;Woriibarstist;;;;;;;;;;;;;x
d_mani_slavic_reformed;The Woriijadtist Temple;;;;;;;;;;;;;x
d_mani_slavic_reformed_adj;Woriijadtist;;;;;;;;;;;;;x
d_maori_religion_reformed;The Maori Congregation;Congrégation maori;Die maori Kongregation;;Congregación maori;;;;;;;;x
d_marakanda;Marakanda;;;;;;;;;;;;;x
d_marakanda_adj;Marakandi;;;;;;;;;;;;;x
d_mari_christ_reformed;The Marianist Chantry;;;;;;;;;;;;;x
d_mari_christ_reformed_adj;Marianist;;;;;;;;;;;;;x
d_maturidi;The Maturidi Caliphate;;;;;;;;;;;;;x
d_maturidi_adj;Maturidi;;;;;;;;;;;;;x
d_mazandaran;Rhagae;;;;;;;;;;;;;;;;;x
d_mazandaran_adj;Rhagaean;;;;;;;;;;;;;;;;;x
d_mazdakism;The Mazdaki Temple;;;;;;;;;;;;;x
d_mazdakism_adj;Mazdakist;;;;;;;;;;;;;x
d_mazdakism_reformed;The Mazdaki Temple;;;;;;;;;;;;;x
d_melanesian_religion_reformed;The Imunu Congregation;Congrégation imunu;Die imunu Kongregation;;Congregación imunu;;;;;;;;x
d_merv;Margiana;;;;;;;;;;;;;;;;;x
d_merv_adj;Margianan;;;;;;;;;;;;;;;;;x
d_middle_angles;Middil Engli;;;;;;;;;;;;;x
d_middle_angles_adj;Middil Engli;;;;;;;;;;;;;x
d_middlesex;Middelseaxna;;;;;;;;;;;;;x
d_middlesex_adj;Middelseaxnan;;;;;;;;;;;;;x
d_monothelite;The Monothelite Patriarchate;;;;;;;;;;;;;x
d_monothelite_adj;Monothelite Patriarchal;;;;;;;;;;;;;x
d_montanist_reformed;The Phrygian Church;;;;;;;;;;;;;x
d_montanist_reformed_adj;Phrygian;;;;;;;;;;;;;x
d_murjiah;The Murji'i Caliphate;;;;;;;;;;;;;x
d_murjiah_adj;Murji'i;;;;;;;;;;;;;x
d_murugan_reformed;The Arumugani Temple;;;;;;;;;;;;;x
d_muslim_aliite_reformed;The Imami Caliphate;;;;;;;;;;;;;x
d_muslim_aliite_reformed_adj;Amir al-Mu'minini;;;;;;;;;;;;;x
d_muslim_domination_reformed;The Mujahed Caliphate;;;;;;;;;;;;;x
d_muslim_domination_reformed_adj;Mujahid;;;;;;;;;;;;;x
d_muslim_sufi_reformed;The Ahl as-Safai Caliphate;;;;;;;;;;;;;x
d_muslim_sufi_reformed_adj;Ahl as-Safai;;;;;;;;;;;;;x
d_mutazil;The Mu'tazili Caliphate;;;;;;;;;;;;;x
d_mutazil_adj;Mu'tazili;;;;;;;;;;;;;x
d_mwari;The Temple of Mwari;;;;;;;;;;;;;x
d_nasrani_reformed;The Malankaran Church;;;;;;;;;;;;;x
d_nefoud;Al-Nefud;;;;;;;;;;;;;x
d_nefoud_adj;Nefudi;;;;;;;;;;;;;x
d_nestorian;The Patriarchate of the East;;;;;;;;;;;;;x
d_nestorian_adj;Eastern Patriarchal;;;;;;x
d_nikaea;Nikaea;;;;;;;;;;;;;x
d_nikaea_adj;Nikaean;;;;;;;;;;;;;x
d_norrland;Norrland;Norrland;Norrland;;Las Tierras del Norte;;;;;;;;;;;;;x
d_norrland_adj;Norrlander;Norrlandaise;Norrländischer;;Norlandesa;;;;;;;;;;;;;x
d_norse_christ_reformed;The Kristatrú Church;;;;;;;;;;;;;x
d_norse_christ_reformed_adj;Kristnatrú;;;;;;;;;;;;;x
d_norse_pagan_reformed;The Ásatrú Temple;;;;;;;;;;;;;x
d_northern_sun_reformed;The Sehuli Temple;;;;;;;;;;;;;x
d_northern_sun_reformed_adj;Sehuli;;;;;;;;;;;;;x
d_novgorod-seversk;Novgorod-Seversk;;;;;;;;;;;;;x
d_novgorod-seversk_adj;Novgorod-Severski;;;;;;;;;;;;;x
d_novgorod;Holmgarðr;;;;;;;;;;;;;x
d_novgorod_adj;Holmgarðrian;;;;;;;;;;;;;x
d_nyakalagan_reformed;The Ruoth Nyasayi Temple;;;;;;;;;;;;;x
d_nyau;The Nyau;;;;;;;;;;;;;x
d_omotic_pagan_reformed;The Omotic Congregation;Congrégation Omotic;Die Omotic Kongregation;;Congregación Omotic;;;;;;;;x
d_osraige;Osraige;;;;;;;;;;;;;x
d_osraige_adj;Osraigean;;;;;;;;;;;;;x
d_ostlandet;Ostlandet;Ostlandet;Ostlandet;;Austlandet;;;;;;;;;;;;;x
d_ostlandet_adj;Ostlander;Ostlandaise;Ostlander;;Auslandetiana;;;;;;;;;;;;;x
d_pecs;Lower Pannonia;Pecs;;;;;;;;;;;;;x
d_pecs_adj;Lower Pannonian;;;;;;;;;;;;;x
d_pedemontium;Pedemontium;;;;;;;;;;;;;x
d_pedemontium_adj;Pedemontian;;;;;;;;;;;;;x
d_pest;Pannonia;;;;;;;;;;;;;x
d_pest_adj;Pannonian;;;;;;;;;;;;;x
d_philippine_religion_reformed;The Anito Congregation;Congrégation Anito;Die Anito Kongregation;;Congregación Anito;;;;;;;;x
d_plato_christ;Academy of Sidon;;;;;;x
d_plato_christ_adj;Academic Christian;;;;;;;x
d_plato_islam;Academy of Alexandria;;;;;;x
d_plato_islam_adj;Academic Islamic;;;;;;;x
d_plato_pythagorean;Academy of Syracusæ;;;;;;x
d_plato_pythagorean_adj;Academic Pythagorean;;;;;;;x
d_polotsk;Palteskja;;;;;;;;;;;;;x
d_polotsk_adj;Palteskjan;;;;;;;;;;;;;x
d_porphyryan;Academy of Týros;;;;;;x
d_porphyryan_adj;Academic Porphyryan;;;;;;;x
d_priscillian_reformed;The Apologetic Church;;;;;;;;;;;;;x
d_priscillian_reformed_adj;Apologetic;;;;;;;;;;;;;x
d_provincia_mesopotamia;Mesopotamia;;;;;;;;;;;;;;;;;x
d_provincia_mesopotamia_adj;Mesopotamian;;;;;;;;;;;;;;;;;x
d_ragnarok_reformed;The Røkkatrú Temple;;;;;;;;;;;;;x
d_ragnarok_reformed_adj;Røkkatrúite;;;;;;;;;;;;;x
d_roman_imperial;The Imperial Cult;;;;;;;;;;;;;x
d_roman_imperial_adj;Imperial Cultist;;;;;;;;;;;;;x
d_rostov;Ráðstofa;;;;;;;;;;;;;x
d_rostov_adj;Ráðstofan;;;;;;;;;;;;;x
d_rouen;Rouen;;;;;;;;;;;;;x
d_rouen_adj;Rouenais;;;;;;;;;;;;;x
d_ryazan;Ryazan;Ryazan;Ryasan;;Riazán;;;;;;;;;;;;;x
d_sabellianist;The Sabellian Patriarchate;;;;;;;;;;;;;x
d_saura_reformed;The Surya Brahmani Temple;;;;;;;;;;;;;x
d_seleukia;Seleukia;;;;;;;;;;;;;x
d_seleukia_adj;Seleukian;;;;;;;;;;;;;x
d_semipelagian;The Semipelagian Church;;;;;;;;;;;;;x
d_semipelagian_adj;Semipelagian;;;;;;;;;;;;;x
d_septimania;Septimania;;;;;;;;;;;;;x
d_septimania_adj;Septimanian;;;;;;;;;;;;;x
d_serer_reformed;The Fat Roogan Temple;;;;;;;;;;;;;x
d_serer_reformed_adj;Fat Roogan;;;;;;;;;;;;;x
d_set_reformed;The Priesthood of Set;;;;;;;;;;;;;x
d_sethian_reformed;The Tertifilian Church;;;;;;;;;;;;;x
d_sethian_reformed_adj;Tertifilian;;;;;;;;;;;;;x
d_sicily;Sicily;Sicile;Sizilien;;Sicilia ;;;;;;;;;;;;;x
d_sicily_adj;Sicilian;Sicilienne;Sizilianischer;;Siciliana;;;;;;;;;;;;;x
d_slavic_christian_reformed;The Slavonic Theantropist Church;;;;;;;;;;;;;x
d_slavic_christian_reformed_adj;Slavonic Theantropist;;;;;;;;;;;;;x
d_slavic_pagan_reformed;The Slavianist Temple;;;;;;;;;;;;;x
d_sol_boreas_reformed;The Septentrionist Temple;;;;;;;;;;;;;x
d_sol_boreas_reformed_adj;Septentrionist;;;;;;;;;;;;;x
d_sol_islam_reformed;The Ahl al-Shamsi Temple;;;;;;;;;;;;;x
d_sol_islam_reformed_adj;Ahl al-Shamsi;;;;;;;;;;;;;x
d_sol_sahara_reformed;The Dìwwokoan Temple;;;;;;;;;;;;;x
d_solomonic_alexandros;the Temple of Solomon-Alexandros;;;;;;x
d_solomonic_alexandros_adj;Solomonic-Alexandrian;;;;;;;x
d_south_american_reformed;The South American Congregation;Congrégation Sud Américain;Die Südamerikanisch Kongregation;;Congregación Sudamericano;;;;;;;;x
d_south_bantu_mythology_reformed;The South Bantu Mythology Congregation;Congrégation South Bantu Mythology;Die South Bantu Mythology Kongregation;;Congregación South Bantu Mythology;;;;;;;;x
d_srathchluaidh;Gallgaidelaib;;;;;;;;;;;;;x
d_sulawesi_religion_reformed;The Aluk Congregation;Congrégation Aluk;Die Aluk Kongregation;;Congregación Aluk;;;;;;;;x
d_sumatran_religion_reformed;The Malim Congregation;Congrégation Malim;Die Malim Kongregation;;Congregación Malim;;;;;;;;x
d_taiwanese_religion_reformed;The Inibs Congregation;Congrégation Inibs;Die Inibs Kongregation;;Congregación Inibs;;;;;;;;x
d_tao_reformed;The Way of Heaven;;;;;;;;;;;;;x
d_tarhunt_reformed;The Tarhuntist Temple;;;;;;;;;;;;;x
d_tarhunt_reformed_adj;Tarhuntist;;;;;;;;;;;;;x
d_teiwaz_reformed;The Lagô Siduzic Temple;;;;;;;;;;;;;x
d_teiwaz_reformed_adj;Lagô Siduzic;;;;;;;;;;;;;x
d_tengri_bud_reformed;The Datsanist Priesthood;;;;;;;;;;;;;x
d_tengri_bud_reformed_adj;Datsanist;;;;;;;;;;;;;x
d_tengri_confucian_reformed;The Yitian Chóngbài Temple;;;;;;;;;;;;;x
d_tengri_mani_reformed;The Bai-Ülgeni Temple;;;;;;;;;;;;;x
d_tengri_mani_reformed_adj;Bai-Ülgeni;;;;;;;;;;;;;x
d_tengri_pagan_reformed;The Ulu Erliki Temple;;;;;;;;;;;;;x
d_tengri_rod_reformed;The Rodist Temple;;;;;;;;;;;;;x
d_tengri_rod_reformed_adj;Ulu Gökh Tanrili;;;;;;;;;;;;;x
d_tigris;Idigina;;;;;;;;;;;;;x
d_tigris_adj;Idiginian;;;;;;;;;;;;;x
d_toscana;Tuscany;Toscane;Toskana;;Toscana;;;;;;;;;;;;;x
d_toscana_adj;Tuscan;Toscane;Toskanischer;;Toscana;;;;;;;;;;;;;x
d_trondelag;Þróndheimr;;;;;;;;;;;;;x
d_trondelag_adj;Þróndheimer;;;;;;;;;;;;;x
d_turnovo;Tylis;;;;;;;;;;;;;x
d_turnovo_adj;Tylisian;;;;;;;;;;;;;x
d_tver;Truvor;;;;;;;;;;;;;x
d_tver_adj;Truvorian;;;;;;;;;;;;;x
d_tynea;Tynea;;;;;;;;;;;;;x
d_tynea_adj;Tynean;;;;;;;;;;;;;x
d_vaspurakan;Vaspurakan;;;;;;;;;;;;;x
d_vaspurakan_adj;Vaspurakan;;;;;;;;;;;;;x
d_vattisenyaly_reformed;The Sardashi Temple;;;;;;;;;;;;;x
d_vattisenyaly_reformed_adj;Sardashi;;;;;;;;;;;;;x
d_verkana;Verkâna;;;;;;;;;;;;;x
d_verkana_adj;Verkânan;;;;;;;;;;;;;x
d_vidharma_reformed;The Vithoban Temple;;;;;;;;;;;;;x
d_vidin;Vidin;Vidin;Widin;;Vidin;;;;;;;;;;;;;x
d_vidin_adj;Vidinian;Vidinoise;Widinischer;;Vidinense;;;;;;;;;;;;;x
d_vladimir;Valdamarr;;;;;;;;;;;;;x
d_vladimir_adj;Valdamarrian;;;;;;;;;;;;;x
d_voipel_reformed;The Voittoisa Talvi Temple;;;;;;;;;;;;;x
d_voipel_reformed_adj;Voittoisa Talviite;;;;;;;;;;;;;x
d_yazdanism_reformed;The Yârsâni Temple;;;;;;;;;;;;;x
d_yoruba;The Yorùbá Temple;;;;;;;;;;;;;x
d_yoruba_adj;Yorùbá;;;;;;;;;;;;;x
d_zahiri;The Zahiri Caliphate;;;;;;;;;;;;;x
d_zahiri_adj;Zahiri;;;;;;;;;;;;;x
d_zal_christ;Holy Brythonian Church;;;;;;x
d_zal_christ_adj;Brythonian Church;;;;;;;x
d_zande_pagan_reformed;The Mbambui Temple;;;;;;;;;;;;;x
d_zande_pagan_reformed_adj;Mbambui Priestly;;;;;;;;;;;;;x
d_zarangiana;Zarangiana;;;;;;;;;;;;;x
d_zarangiana_adj;Zarangianan;;;;;;;;;;;;;x
d_zor_angra;The Temple of Angra Mainyu;;;;;;;;;;;;;x
d_zor_angra_adj;Angra Mainyui;;;;;;;;;;;;;x
d_zor_angra_reformed;The Temple of Angra Mainyu;;;;;;;;;;;;;x
d_zor_hindu;The Zoroastrian-Hindu Temple;;;;;;;;;;;;;x
d_zor_hindu_adj;Zoroastrian Hindu;;;;;;;;;;;;;x
d_zulu_pagan_reformed;The Unkulunkulan Temple;;;;;;;;;;;;;x
d_zurvanism;The Temple of Zurvan;;;;;;;;;;;;;x
d_zurvanism_adj;Zurvanite;;;;;;;;;;;;;x
d_zurvanism_reformed;The Temple of Zurvan;;;;;;;;;;;;;x
d_zz01_vedanta;Academy of Taxila;;;;;;x
d_zz01_vedanta_adj;Academic Vedantic;;;;;;;x
##Empires##
e_aksum;Aksum;;;;;;;;;;;;;x
e_aksum_adj;Aksumite;;;;;;;;;;;;;x
e_arabia;Al-Mamlakah Al-'Arabiyah;;;;;;;;;;;;;x
e_arabia_adj;Arabian;;;;;;;;;;;;;x
e_archemakedonia;Arche Makedonia;;;;;;;;;;;;;x
e_archemakedonia_adj;Makedonian;;;;;;;;;;;;;x
e_archeseleukeia;Arche Seleukeia;;;;;;;;;;;;;x
e_archeseleukeia_adj;Seleukid;;;;;;;;;;;;;x
e_berber;The Amazigh Empire;;;;;;;;;;;;;x
e_berber_adj;Amazigh;;;;;;;;;;;;;x
e_byzantium;Imperium Romanum;;;;;;;;;;;;;x
e_byzantium_adj;Eastern Roman;;;;;;;;;;;;;x
e_carthage;The Carthaginian Empire;;;;;;;;;;;;;x
e_carthage_adj;Carthaginian;;;;;;;;;;;;;x
e_celtic;The Celtic Ímpire;;;;;;;;;;;;;x
e_celtic_adj;Celtic;;;;;;;;;;;;;x
e_central_africa;Central Africa;;;;;;;;;;;x
e_central_africa_adj;Central African;;;;;;;;;;;x
e_deep_africa;Sub-Saharan Africa;;;;;;;;;;;x
e_deep_africa_adj;Sub-Saharan African;;;;;;;;;;;x
e_egoth;Austrgothia;;;;;;;;;;;;;x
e_egoth_adj;Austrgothic;;;;;;;;;;;;;x
e_france;Imperium Francorum;;;;;;;;;;;;;x
e_france_adj;Francorian;;;;;;;;;;;;;x
e_gallia;Imperium Galliarum;;;;;;;;;;;;;x
e_gallia_adj;Gallic;;;;;;;;;;;;;x
e_german;Þiudiskaz Reik;;;;;;;;;;;;;x
e_german_adj;Þiudiskaz;;;;;;;;;;;;;x
e_greatmoravia;Velkomoravská Ríše;;;;;;;;;;;;;x
e_greatmoravia_adj;Velkomoravian;;;;;;;;;;;;;x
e_hellenic;The Hellenic Hegemony;;;;;;;;;;;;;x
e_hellenic_adj;Hellenic;;;;;;;;;;;;;x
e_hre;Holy Roman Empire;;;;;;;;;;;;;x
e_hre_adj;Imperial;;;;;;;;;;;;;x
e_huns;The Hunnic Empire;;;;;;;;;;;;;x
e_huns_adj;Hunnic;;;;;;;;;;;;;x
e_jews;Mamlekhet Yisra'el;;;;;;;;;;;;;x
e_jews_adj;Yisra'eli;;;;;;;;;;;;;x
e_kush;Kush;;;;;;;;;;;;;x
e_kush_adj;Kushite;;;;;;;;;;;;;x
e_levant;The Levant;;;;;;;;;;;x
e_levant_adj;Levantine;;;;;;;;;;;x
e_north_africa;North Africa;;;;;;;;;;;x
e_north_africa_adj;Northern African;;;;;;;;;;;x
e_null;;;;;;;;;;;;;;x
e_null_adj;;;;;;;;;;;;;;x
e_palmyra;The Palmyrene Empire;;;;;;;;;;;;;x
e_palmyra_adj;Palmyrene;;;;;;;;;;;;;x
e_pannonia;Pannonia;;;;;;;;;;;;;x
e_pannonia_adj;Pannonian;;;;;;;;;;;;;x
e_pirates;Pirates;;;;;;;;;;;;;x
e_pirates_adj;Pirate;;;;;;;;;;;;;x
e_pontus;Pontos;;;;;;;;;;;;;x
e_pontus_adj;Pontic;;;;;;;;;;;;;x
e_ptolemaic;Ptolemaike Basileia;;;;;;;;;;;;;x
e_ptolemaic_adj;Ptolemaic;;;;;;;;;;;;;x
e_rashidun;The Rashidun Caliphate;;;;;;;;;;;;;x
e_rashidun_adj;Rashidun;;;;;;;;;;;;;x
e_rebels;Rebels;;;;;;;;;;;;;x
e_rebels_adj;Rebel;;;;;;;;;;;;;x
e_roman;S.P.Q.R;;;;;;;;;;;;;x
e_roman_adj;Western Roman;;;;;;;;;;;;;x
e_russia;The Rus';;;;;;;;;;;;;x
e_russia_adj;Russian;;;;;;;;;;;;;x
e_sassanid;Eranshahr;;;;;;;;;;;;;x
e_sassanid_adj;Aryan;;;;;;;;;;;;;x
e_scandinavia;Miklaríki;;;;;;;;;;;;;x
e_scandinavia_adj;Miklaríki;;;;;;;;;;;;;x
e_serindia;Serindia;;;;;;;;;;;;;x
e_serindia_adj;Serindian;;;;;;;;;;;;;x
e_slavinia;Slavinia;;;;;;;;;;;;;x
e_slavinia_adj;Slavinian;;;;;;;;;;;;;x
e_spain;Hispania;;;;;;;;;;;;;x
e_spain_adj;Hispanic;;;;;;;;;;;;;x
e_turk;Türkia;;;;;;;;;;;;;x
e_turk_adj;Türkic;;;;;;;;;;;;;x
e_umayyad;Tahsilat al-'Ilm;;;;;;;;;;;;;x
e_umayyad_adj;'Ilmi;;;;;;;;;;;;;x
##Kingdoms##
k_agder;Agder;;;;;;;;;;;;;x
k_agder_adj;Agderic;;;;;;;;;;;;;x
k_aksum;Æthiopia;;;;;;;;;;;;;x
k_aksum_adj;Æthiopian;;;;;;;;;;;;;x
k_al-murabitids;Al-Murabitun;;;;;;;;;;;;;x
k_al-murabitids_adj;Al-Murabitid;;;;;;;;;;;;;x
k_alania;Alania;;;;;;;;;;;;;x
k_alania_adj;Alan;;;;;;;;;;;;;x
k_albania;Albania;;;;;;;;;;;;;x
k_albania_adj;Albanian;;;;;;;;;;;;;x
k_alodia;Alodia;;;;;;;;;;;;;x
k_alodia_adj;Alodian;;;;;;;;;;;;;x
k_amman;Amman;;;;;;;;;;;;;x
k_amman_adj;Ammanite;;;;;;;;;;;;;x
k_andhra;Andara;;;;;;;;;;;;;x
k_andhra_adj;Andarae;;;;;;;;;;;;;x
k_aragon;Valentia;;;;;;;;;;;;;x
k_aragon_adj;Valentian;;;;;;;;;;;;;x
k_arian;The Arian Presbytery;;;;;;;;;;;;;x
k_arian_adj;Arian;;;;;;;;;;;;;x
k_arles;Arles;;;;;;;;;;;;;x
k_arles_adj;Arlesian;;;;;;;;;;;;;x
k_armenia;Hayasdan;;;;;;;;;;;;;x
k_armenia_adj;Hayasdani;;;;;;;;;;;;;x
k_asturias;Asturias;;;;;;;;;;;;;x
k_asturias_adj;Asturian;;;;;;;;;;;;;x
k_atropatene;Atropatene;;;;;;;;;;;;;x
k_atropatene_adj;Atropatenean;;;;;;;;;;;;;x
k_austrasia;Austrasia;;;;;;;;;;;;;x
k_austrasia_adj;Austrasian;;;;;;;;;;;;;x
k_avars;Avaria;;;;;;;;;;;;;x
k_avars_adj;Avar;;;;;;;;;;;;;x
k_aztec;Tlatoani Altepetl;;;;;;;;;;;;;x
k_aztec_adj;Tlatoani;;;;;;;;;;;;;x
k_bactria;Bactria;;;;;;;;;;;;;x
k_bactria_adj;Bactrian;;;;;;;;;;;;;x
k_belgica;Belgica;;;;;;;;;;;;;x
k_belgica_adj;Belgian;;;;;;;;;;;;;x
k_bernicia;Beornice;;;;;;;;;;;;;x
k_bernicia_adj;Beornician;;;;;;;;;;;;;x
k_bosporan;Bosporan Cimmeria;;;;;;;;;;;;;x
k_bosporan_adj;Bosporan;;;;;;;;;;;;;x
k_brittany;Armorica;;;;;;;;;;;;;x
k_brittany_adj;Armorican;;;;;;;;;;;;;x
k_brythonia;Brythonia;;;;;;;;;;;;;x
k_brythonia_adj;Brythonic;;;;;;;;;;;;;x
k_bulgar;Bulgar;;;;;;;;;;;;;x
k_bulgar_adj;Bulgar;;;;;;;;;;;;;x
k_burgundy;Burgundia;;;;;;;;;;;;;x
k_burgundy_adj;Burgundian;;;;;;;;;;;;;x
k_byzantium;Romania;;;;;;;;;;;;;x
k_byzantium_adj;Romanian;;;;;;;;;;;;;x
k_cappadocia;Kappadokia;;;;;;;;;;;;;x
k_cappadocia_adj;Kappadokian;;;;;;;;;;;;;x
k_carthage;Carthage;;;;;;;;;;;;;x
k_carthage_adj;Carthaginian;;;;;;;;;;;;;x
k_castille;Celdebra;;;;;;;;;;;;;x
k_castille_adj;Celdebran;;;;;;;;;;;;;x
k_cilicia;Kilikia;;;;;;;;;;;;;x
k_cilicia_adj;Kilikian;;;;;;;;;;;;;x
k_cornovia;Cornovia;;;;;;;;;;;;;x
k_cornovia_adj;Cornovian;;;;;;;;;;;;;x
k_croatia;Illyria;;;;;;;;;;;;;x
k_croatia_adj;Illyrian;;;;;;;;;;;;;x
k_cuman;the Kumans;;;;;;;;;;;;;x
k_cuman_adj;Kuman;;;;;;;;;;;;;x
k_cyprus;Kypros;;;;;;;;;;;;;x
k_cyprus_adj;Kypriot;;;;;;;;;;;;;;;;;x
k_dacia;Dacia;;;;;;;;;;;;;x
k_dacia_adj;Dacian;;;;;;;;;;;;;x
k_daneland;Danelagh;;;;;;;;;;;;;x
k_daneland_adj;Danelagher;;;;;;;;;;;;;x
k_darfur;Darfur;;;;;;;;;;;;;x
k_darfur_adj;Fur;;;;;;;;;;;;;x
k_denmark;Danmark;;;;;;;;;;;;;x
k_diocleia;Diocleia;;;;;;;;;;;;;x
k_diocleia_adj;Diocleian;;;;;;;;;;;;;x
k_donatist;Church of Donatus;;;;;;;;;;;;;x
k_donatist_adj;Donatist;;;;;;;;;;;;;x
k_dumnonia;Dumnonia;;;;;;;;;;;;;x
k_dumnonia_adj;Dumnonian;;;;;;;;;;;;;x
k_eanglia;East Engla;;;;;;;;;;;;;x
k_eanglia_adj;East English;;;;;;;;;;;;;x
k_egypt;Ægyptus;;;;;;;;;;;;;x
k_egypt_adj;Ægyptian;;;;;;;;;;;;;x
k_enderta;Enderta;;;;;;;;;;;;;x
k_enderta_adj;Endertan;;;;;;;;;;;;;x
k_england;Anglia;;;;;;;;;;;;;x
k_england_adj;Anglish;;;;;;;;;;;;;x
k_epirus;Epirus;;;;;;;;;;;;;x
k_epirus_adj;Epeirote;;;;;;;;;;;;;x
k_eritrea;D'Mt;;;;;;;;;;;;;x
k_eritrea_adj;Da'amatian;;;;;;;;;;;;;x
k_essex;Eastseaxna;;;;;;;;;;;;;x
k_essex_adj;East Saxon;;;;;;;;;;;;;x
k_finland;Suomi;;;;;;;;;;;;;x
k_finland_adj;Suomi;;;;;;;;;;;;;x
k_fortriu;Fortriu;;;;;;;;;;;;;x
k_fortriu_adj;Fortrian;;;;;;;;;;;;;x
k_france;Francia;;;;;;;;;;;;;x
k_france_adj;Frankish;;;;;;;;;;;;;x
k_galatia;Galatia;;;;;;;;;;;;;x
k_galatia_adj;Galatian;;;;;;;;;;;;;x
k_gambia;Kambra;;;;;;;;;;;;;x
k_gambia_adj;Kambran;;;;;;;;;;;;;x
k_gardariki;Gardaríki;;;;;;;;;;;;;x
k_gardariki_adj;Gardaríki;;;;;;;;;;;;;x
k_georgia;Sak'art'velos;;;;;;;;;;;;;x
k_georgia_adj;Sak'art'velos;;;;;;;;;;;;;x
k_germany;Germania;;;;;;;;;;;;;x
k_germany_adj;Germanian;;;;;;;;;;;;;x
k_gilan;Gilan;;;;;;;;;;;;;x
k_gilan_adj;Gilan;;;;;;;;;;;;;x
k_gokturk;the Göktürks;;;;;;;;;;;;;x
k_gokturk_adj;Göktürk;;;;;;;;;;;;;x
k_gotaland;Götaland;;;;;;;;;;;;;x
k_gotaland_adj;Gautar;;;;;;;;;;;;;x
k_greece;Ellada;;;;;;;;;;;;;x
k_greece_adj;Ellenike;;;;;;;;;;;;;x
k_hedjaz;Tihamah;;;;;;;;;;;;;x
k_hedjaz_adj;Hedjazi;;;;;;;;;;;;;x
k_hephthalites;the Hephthalites;;;;;;;;;;;;;x
k_hephthalites_adj;Hephthalite;;;;;;;;;;;;;x
k_hordaland;Hordaland;;;;;;;;;;;;;x
k_hordaland_adj;Hordalander;;;;;;;;;;;;;;x
k_huna;Huna;;;;;;;;;;;;;x
k_huna_adj;Hunan;;;;;;;;;;;;;x
k_hungary;Hungaria;;;;;;;;;;;;;x
k_hungary_adj;Hungarian;;;;;;;;;;;;;x
k_huns;the Huns;;;;;;;;;;;;;x
k_huns_adj;Hunnic;;;;;;;;;;;;;x
k_idrisid;Idrisids;;;;;;;;;;;;;x
k_idrisid_adj;Idrisid;;;;;;;;;;;;;x
k_ireland;Éire;;;;;;;;;;;;;x
k_ireland_adj;Gaeilge;;;;;;;;;;;;;x
k_isauria;Isauria;;;;;;;;;;;;;x
k_isauria_adj;Isaurian;;;;;;;;;;;;;x
k_italy;Italia;;;;;;;;;;;;;x
k_italy_adj;Italian;;;;;;;;;;;;;x
k_jolof;Jolof;;;;;;;;;;;;;x
k_jolof_adj;Jolof;;;;;;;;;;;;;x
k_joms;Jomsvikings;;;;;;;;;;;;;x
k_joms_adj;Jomsviking;;;;;;;;;;;;;x
k_judea;Judah;;;;;;;;;;;;;x
k_judea_adj;Judean;;;;;;;;;;;;;x
k_jutland;Jylland;;;;;;;;;;;;;x
k_jutland_adj;Jutish;;;;;;;;;;;;;x
k_kent;Kent;;;;;;;;;;;;;x
k_kent_adj;Kentish;;;;;;;;;;;;;x
k_khwarezm;Khwarazmshahiyan;;;;;;;;;;;;;x
k_khwarezm_adj;Khwarazmian;;;;;;;;;;;;;x
k_krete;Krete;;;;;;;;;;;;;x
k_krete_adj;Kretan;;;;;;;;;;;;;x
k_kyrene;Kyrene;;;;;;;;;;;;;x
k_kyrene_adj;Kyrenean;;;;;;;;;;;;;x
k_leon;Legio;;;;;;;;;;;;;x
k_leon_adj;Legional;;;;;;;;;;;;x
k_lithuania;Lietuva;;;;;;;;;;;;;x
k_lombardia;Lombardia;;;;;;;;;;;;;x
k_lombardia_adj;Lombardian;;;;;;;;;;;;;x
k_macedonia;Makedonia;;;;;;;;;;;;;x
k_macedonia_adj;Makedonian;;;;;;;;;;;;;x
k_macrobia;Macrobia;;;;;;;;;;;;;x
k_macrobia_adj;Macrobian;;;;;;;;;;;;;x
k_man;Ellan Vannin;;;;;;;;;;;;;x
k_man_adj;Manx;;;;;;;;;;;;;x
k_mandingo;Mandingo;;;;;;;;;;;;;x
k_mandingo_adj;Mandinka;;;;;;;;;;;;;x
k_mani;The Manichean Church;;;;;;;;;;;;;x
k_mani_adj;Manichaean;;;;;;;;;;;;;x
k_media;Media;;;;;;;;;;;;;x
k_media_adj;Median;;;;;;;;;;;;;x
k_mercia;Mercia;;;;;;;;;;;;;x
k_mercia_adj;Mercian;;;;;;;;;;;;;x
k_mesopotamia;Mesopotamia;Mésopotamie;Mesopotamien;;Mesopotamia;;;;;;;;;;;;;x
k_mesopotamia_adj;Mesopotamian;Mésopotamienne;Mesopotamischer;;Mesopotámica;;;;;;;;;;;;;x
k_mithra_sol;The Temple of the Lightbringer;;;;;;;;;;;;;x
k_mithra_sol_adj;Eosphorist;;;;;;;;;;;;;x
k_monophysite;Monophysite School of Alexandria;;;;;;;;;;;;;x
k_monophysite_adj;Monophysite;;;;;;;;;;;;;x
k_moravia;Velká Morava;;;;;;;;;;;;;x
k_moravia_adj;Moravian;;;;;;;;;;;;;x
k_nabatea;Nabatea;;;;;;;;;;;;;x
k_nabatea_adj;Nabatean;;;;;;;;;;;;;x
k_navarra;Cantabria;;;;;;;;;;;;;x
k_navarra_adj;Cantabrian;;;;;;;;;;;;;x
k_nekor;Nekor;;;;;;;;;;;;;x
k_nekor_adj;Nekorian;;;;;;;;;;;;;x
k_neustria;Neustria;;;;;;;;;;;;;x
k_neustria_adj;Neustrian;;;;;;;;;;;;;x
k_nobatia;Nobatia;;;;;;;;;;;;;x
k_nobatia_adj;Nobatia;;;;;;;;;;;;;x
k_normandy;Normania;;;;;;;;;;;;;x
k_normandy_adj;Normanian;;;;;;;;;;;;;x
k_northumbria;Norþhymbra;;;;;;;;;;;;;x
k_northumbria_adj;Norþhymbran;;;;;;;;;;;;;x
k_norway;Nóregr;;;;;;;;;;;;;x
k_norway_adj;Nordmann;;;;;;;;;;;;;x
k_nuba;Nuba;;;;;;;;;;;;;x
k_nuba_adj;Nuba;;;;;;;;;;;;;x
k_nubia;Makuria;;;;;;;;;;;;;x
k_nubia_adj;Makurian;;;;;;;;;;;;;x
k_numidia;Numidia;;;;;;;;;;;;;x
k_numidia_adj;Numidian;;;;;;;;;;;;;x
k_oghuz;the Oguz Turks;;;;;;;;;;;;;x
k_oghuz_adj;Oguz;;;;;;;;;;;;;x
k_orkney;Orkneyjar;;;;;;;;;;;;;x
k_orkney_adj;Orkneyjar;;;;;;;;;;;;;x
k_orthodox;The Ecumenical Patriarchy;;;;;;;;;;;;;x
k_orthodox_adj;Patriarchal;;;;;;;;;;;;;x
k_osroene;Osroene;;;;;;;;;;;;;x
k_osroene_adj;Osroeni;;;;;;;;;;;;;x
k_palmyra;Palmyra;;;;;;;;;;;;;x
k_palmyra_adj;Palmyran;;;;;;;;;;;;;x
k_papal_state;The Papacy;;;;;;;;;;;;;x
k_papal_state_adj;Papal;;;;;;;;;;;;;x
k_pelagian;Pelagian College;;;;;;;;;;;;;x
k_pelagian_adj;Pelagian;;;;;;;;;;;;;x
k_pergamon;Pergamon;;;;;;;;;;;;;x
k_pergamon_adj;Pergamene;;;;;;;;;;;;;x
k_persia;Pârsa;;;;;;;;;;;;;x
k_poland;Polonia;;;;;;;;;;;;;x
k_poland_adj;Polonian;;;;;;;;;;;;;x
k_pontus;Pontos;;;;;;;;;;;;;x
k_pontus_adj;Pontic;;;;;;;;;;;;;x
k_portugal;Lusitania;;;;;;;;;;;;;x
k_portugal_adj;Lusitanian;;;;;;;;;;;;;x
k_raumariki;Raumaríki;;;;;;;;;;;;;x
k_raumariki_adj;Raumaríki;;;;;;;;;;;;;;x
k_ravenna;Ravenna;;;;;;;;;;;;;x
k_ravenna_adj;Ravennian;;;;;;;;;;;;;;x
k_rheged;Rheged;;;;;;;;;;;;;x
k_rheged_adj;Rhegedan;;;;;;;;;;;;;x
k_rus;Rus';;;;;;;;;;;;;x
k_rus_adj;Rus';;;;;;;;;;;;;x
k_ruthenia;Ruthenia;;;;;;;;;;;;;x
k_ruthenia_adj;Ruthenian;;;;;;;;;;;;;x
k_saba;Saba;;;;;;;;;;;;;x
k_saba_adj;Sabaean;;;;;;;;;;;;;x
k_saka;Sakhastan;;;;;;;;;;;;;x
k_saka_adj;Saka;;;;;;;;;;;;;x
k_sanhaja;Sanhaja;;;;;;;;;;;;;x
k_sanhaja_adj;Sanhajan;;;;;;;;;;;;;x
k_sarmatia;Sarmatia;;;;;;;;;;;;;x
k_sarmatia_adj;Sarmatian;;;;;;;;;;;;;x
k_scotland;Alba;;;;;;;;;;;;;x
k_scotland_adj;Alban;;;;;;;;;;;;;x
k_scotland_adj_scottish;Albannaich;;;;;;;;;;;;;x
k_septimania;Septimania;;;;;;;;;;;;;x
k_septimania_adj;Septimanian;;;;;;;;;;;;;x
k_sicily;Magna Græcia;;;;;;;;;;;;;x
k_sicily_adj;Magna Græci;;;;;;;;;;;;;x
k_sindhia;Sindhia;;;;;;;;;;;;;x
k_sindhia_adj;Sindhian;;;;;;;;;;;;;x
k_singidunum;Singidun;;;;;;;;;;;;;x
k_singidunum_adj;Singiduni;;;;;;;;;;;;;x
k_siracusa;Siracusa;;;;;;;;;;;;;x
k_siracusa_adj;Siracusan;;;;;;;;;;;;;x
k_sol;Sol Invictus Priesthood;;;;;;;;;;;;;x
k_sol_adj;Solar-Imperial;;;;;;;;;;;;;x
k_songhay;Songhai;;;;;;;;;;;;;x
k_songhay_adj;Songhai;;;;;;;;;;;;;x
k_spanish_galicia;Suevia;;;;;;;;;;;;;x
k_spanish_galicia_adj;Suevic;;;;;;;;;;;;;x
k_sparta;Sparta;;;;;;;;;;;;;x
k_sparta_adj;Spartan;;;;;;;;;;;;;x
k_strathclyde;Ystrad Clud;;;;;;;;;;;;;x
k_strathclyde_adj;Ystrad Cludian;;;;;;;;;;;;;x
k_sudreyjar;Suðreyjar;;;;;;;;;;;;;x
k_sudreyjar_adj;Suðreyjar;;;;;;;;;;;;;x
k_sussex;Suþseaxna;;;;;;;;;;;;;x
k_sussex_adj;South Saxon;;;;;;;;;;;;;x
k_sweden;Svíþjóð;;;;;;;;;;;;;x
k_sweden_adj;Svíar;;;;;;;;;;;;;x
k_syria;Antioch;;;;;;;;;;;;;x
k_syria_adj;Antiochean;;;;;;;;;;;;;x
k_tadarlar;the Tadarlar;;;;;;;;;;;;;x
k_tadarlar_adj;Tadarlar;;;;;;;;;;;;;x
k_tahert;Tahert;;;;;;;;;;;;;x
k_tahert_adj;Tahertian;;;;;;;;;;;;;x
k_toledo;Toledo;;;;;;;;;;;;;x
k_toledo_adj;Toledan;;;;;;;;;;;;;x
k_trebizond;Trebizond;;;;;;;;;;;;;x
k_trebizond_adj;Trapezuntine;;;;;;;;;;;;;x
k_tulunid;Tulunids;;;;;;;;;;;;;x
k_tulunid_adj;Tulunid;;;;;;;;;;;;;x
k_tylis;Tylis;;;;;;;;;;;;;x
k_tylis_adj;Tylisian;;;;;;;;;;;;;x
k_uyghur;the Uyghurs;;;;;;;;;;;;;x
k_uyghur_adj;Uyghur;;;;;;;;;;;;;x
k_venice;Venetia;;;;;;;;;;;;;x
k_vinland;Vinland;;;;;;;;;;;;;x
k_vinland_adj;Vinlander;;;;;;;;;;;;;x
k_visigoths;Gothia;;;;;;;;;;;;;x
k_visigoths_adj;Visigothic;;;;;;;;;;;;;x
k_wales;Cymru;;;;;;;;;;;;;x
k_wales_adj;Cymry;;;;;;;;;;;;;x
k_wendia;Wendia;;;;;;;;;;;;;x
k_wendia_adj;Wendish;;;;;;;;;;;;;x
k_wessex;Westseaxna;;;;;;;;;;;;;x
k_wessex_adj;West Saxon;;;;;;;;;;;;;x
k_york;Jórvík;;;;;;;;;;;;;x
k_york_adj;Jórvíki;;;;;;;;;;;;;x
k_yugra;Yugra;;;;;;;;;;;;;x
k_yugra_adj;Yugran;;;;;;;;;;;;;x
k_zal;Zalmoxian Conclave;;;;;;;;;;;;;x
k_zal_adj;Zalmoxian;;;;;;;;;;;;;x
k_zoroastrian;Magi Priesthood;;;;;;;;;;;;;x
k_zoroastrian_adj;Zoroastrian;;;;;;;;;;;;;x